Sequent_N,Ref_N,Date,Hour_UTC+1,Operator,Latitude,Longitude,CropHeight,BBCH,Crop-EN,Crop-ES,Crop-FR,Crop-IT,Crop-LA,Crop-PL,Rowsp_(cm),RowOr(deg),SkyCond,LicorLAI,std_Licor,PocketLAI,std_PockLA,AccuPAR,std_AccuPA,Note
"1",Sg01_liv2_20170316_LAI,16-Mar-2017,12:11 PM,Colecchia S.A. - De Santis A.P.,"41.360597","15.477490",10-30 cm,"23",Durum Wheat,Trigo duro,Blé dur,Frumento duro,Triticum durum Desf.,Pszenica durum,,,Sunny - no clouds,"0.630","0.336",,,,,
"2",Sg02_liv2_20170316_LAI,16-Mar-2017,12:24 PM,Colecchia S.A. - De Santis A.P.,"41.365754","15.478627",10-30 cm,"23",Durum Wheat,Trigo duro,Blé dur,Frumento duro,Triticum durum Desf.,Pszenica durum,,,Sunny - no clouds,"0.500","0.079",,,,,
"3",Sg03_liv2_20170316_LAI,16-Mar-2017,1:40 PM,Colecchia S.A. - De Santis A.P.,"41.370132","15.482916",10-30 cm,"23",Durum Wheat,Trigo duro,Blé dur,Frumento duro,Triticum durum Desf.,Pszenica durum,,,Sunny - no clouds,"0.650","0.042",,,,,
"4",Sg04_liv2_20170316_LAI,16-Mar-2017,3:04 PM,Colecchia S.A. - De Santis A.P.,"41.375459","15.486340",10-30 cm,"23",Durum Wheat,Trigo duro,Blé dur,Frumento duro,Triticum durum Desf.,Pszenica durum,,,Sunny - no clouds,"0.517","0.150",,,,,
"5",Sg05_liv2_20170316_LAI,16-Mar-2017,2:50 PM,Colecchia S.A. - De Santis A.P.,"41.374255","15.487682",10-30 cm,"23",Durum Wheat,Trigo duro,Blé dur,Frumento duro,Triticum durum Desf.,Pszenica durum,,,Sunny - no clouds,"0.457","0.323",,,,,
"6",Sg06_liv2_20170316_LAI,16-Mar-2017,3:46 PM,Colecchia S.A. - De Santis A.P.,"41.379578","15.496237",10-30 cm,"23",Olive,,,Olivo,Olea europaea L.,,,,Sunny - no clouds,"0.310","0.226",,,,,Durum Wheat intercropping
"7",Sg07_liv2_20170316_LAI,16-Mar-2017,11:08 AM,Colecchia S.A. - De Santis A.P.,"41.378372","15.502219",10-30 cm,"23",Durum Wheat,Trigo duro,Blé dur,Frumento duro,Triticum durum Desf.,Pszenica durum,,,Sunny - no clouds,"0.907","0.401",,,,,
"8",Sg08_liv2_20170316_LAI,16-Mar-2017,12:45 PM,Colecchia S.A. - De Santis A.P.,"41.364159","15.485311",10-30 cm,"23",Durum Wheat,Trigo duro,Blé dur,Frumento duro,Triticum durum Desf.,Pszenica durum,,,Sunny - no clouds,"0.550","0.412",,,,,
"9",Sg09_liv2_20170316_LAI,16-Mar-2017,2:06 PM,Colecchia S.A. - De Santis A.P.,"41.367792","15.490946",,,Uncultivated,No cultivado,Inculte,Incolto,,Nieuprawny,,,Sunny - no clouds,"2.363","1.172",,,,,Pasture area
"10",Sg10_liv2_20170316_LAI,16-Mar-2017,3:29 PM,Colecchia S.A. - De Santis A.P.,"41.369087","15.495511",10-30 cm,"23",Durum Wheat,Trigo duro,Blé dur,Frumento duro,Triticum durum Desf.,Pszenica durum,,,Sunny - no clouds,"0.430","0.410",,,,,
"11",Sg11_liv2_20170316_LAI,16-Mar-2017,2:29 PM,Colecchia S.A. - De Santis A.P.,"41.371316","15.500838",10-30 cm,"23",Durum Wheat,Trigo duro,Blé dur,Frumento duro,Triticum durum Desf.,Pszenica durum,,,Sunny - no clouds,"0.640","0.438",,,,,
"12",SgMS_liv2_20170316_LAI,16-Mar-2017,11:02 AM,Colecchia S.A. - De Santis A.P.,"41.378103","15.499921",10-30 cm,"23",Durum Wheat,Trigo duro,Blé dur,Frumento duro,Triticum durum Desf.,Pszenica durum,,,Sunny - no clouds,"0.807","0.172",,,,,
"13",AA.S_Capitanata.01_2017_LAI,21-Mar-2017,11:32 AM,Riefolo C. - Ruggieri S.,"41.515470","15.511044",30-50 cm,"35",Durum Wheat,Trigo duro,Blé dur,Frumento duro,Triticum durum Desf.,Pszenica durum,,,Sunny - no clouds,"1.900","0.113",,,,,
"14",AA.S_Capitanata.02_2017_LAI,21-Mar-2017,11:35 AM,Riefolo C. - Ruggieri S.,"41.515470","15.511044",30-50 cm,"35",Durum Wheat,Trigo duro,Blé dur,Frumento duro,Triticum durum Desf.,Pszenica durum,,,Sunny - no clouds,"1.675","0.280",,,,,
"15",AA.S_Capitanata.03_2017_LAI,21-Mar-2017,11:55 AM,Riefolo C. - Ruggieri S.,"41.524643","15.512147",30-50 cm,"35",Durum Wheat,Trigo duro,Blé dur,Frumento duro,Triticum durum Desf.,Pszenica durum,,,Sunny - no clouds,"3.175","0.233",,,,,
"16",AA.S_Capitanata.04_2017_LAI,21-Mar-2017,12:00 PM,Riefolo C. - Ruggieri S.,"41.525512","15.511690",30-50 cm,"35",Durum Wheat,Trigo duro,Blé dur,Frumento duro,Triticum durum Desf.,Pszenica durum,,,Sunny - no clouds,"4.560","0.566",,,,,
"17",AA.S_Capitanata.05_2017_LAI,21-Mar-2017,12:01 PM,Riefolo C. - Ruggieri S.,"41.525512","15.511690",30-50 cm,"35",Durum Wheat,Trigo duro,Blé dur,Frumento duro,Triticum durum Desf.,Pszenica durum,,,Sunny - no clouds,"4.095","0.926",,,,,
"18",AA.S_Capitanata.06_2017_LAI,21-Mar-2017,12:11 PM,Riefolo C. - Ruggieri S.,"41.524906","15.518996",30-50 cm,"35",Durum Wheat,Trigo duro,Blé dur,Frumento duro,Triticum durum Desf.,Pszenica durum,,,Sunny - no clouds,"3.365","0.262",,,,,
"19",AA.S_Capitanata.07_2017_LAI,21-Mar-2017,12:27 PM,Riefolo C. - Ruggieri S.,"41.539778","15.503501",30-50 cm,"35",Durum Wheat,Trigo duro,Blé dur,Frumento duro,Triticum durum Desf.,Pszenica durum,,,Sunny - no clouds,"1.295","0.389",,,,,
"20",AA.S_Capitanata.08_2017_LAI,21-Mar-2017,12:37 PM,Riefolo C. - Ruggieri S.,"41.538942","15.503468",30-50 cm,"19",Spinach,,,Spinacio,Spinacia oleracea L.,,,,Sunny - no clouds,"6.675","0.345",,,,,
"21",AA.S_Capitanata.09_2017_LAI,21-Mar-2017,4:22 PM,Riefolo C. - Ruggieri S.,"41.511048","15.584016",30-50 cm,"35",Durum Wheat,Trigo duro,Blé dur,Frumento duro,Triticum durum Desf.,Pszenica durum,,,Sunny - no clouds,"3.650","0.650",,,,,
"22",AA.S_Capitanata.10_2017_LAI,21-Mar-2017,4:30 PM,Riefolo C. - Ruggieri S.,"41.578958","15.485842",30-50 cm,"35",Durum Wheat,Trigo duro,Blé dur,Frumento duro,Triticum durum Desf.,Pszenica durum,,,Sunny - no clouds,"2.400","0.764",,,,,
"23",AA.S_Capitanata.11_2017_LAI,21-Mar-2017,4:35 PM,Riefolo C. - Ruggieri S.,"41.604823","15.532981",>50 cm,,Uncultivated,No cultivado,Inculte,Incolto,,Nieuprawny,,,Sunny - no clouds,"8.980","0.495",,,,,Natural area
"24",AA.S_Capitanata.12_2017_LAI,21-Mar-2017,4:38 PM,Riefolo C. - Ruggieri S.,"41.605978","15.530603",30-50 cm,"35",Durum Wheat,Trigo duro,Blé dur,Frumento duro,Triticum durum Desf.,Pszenica durum,,,Sunny - no clouds,"6.545","0.870",,,,,
"25",AA.S_Capitanata.13_2017_LAI,21-Mar-2017,4:42 PM,Riefolo C. - Ruggieri S.,"41.608724","15.537543",30-50 cm,"35",Durum Wheat,Trigo duro,Blé dur,Frumento duro,Triticum durum Desf.,Pszenica durum,,,Sunny - no clouds,"1.315","0.255",,,,,
"26",AA.S_Capitanata.14_2017_LAI,21-Mar-2017,4:59 PM,Riefolo C. - Ruggieri S.,"41.619617","15.553379",30-50 cm,"35",Durum Wheat,Trigo duro,Blé dur,Frumento duro,Triticum durum Desf.,Pszenica durum,,,Sunny - no clouds,"6.810","0.410",,,,,
"27",AA.S_Capitanata.15_2017_LAI,21-Mar-2017,5:01 PM,Riefolo C. - Ruggieri S.,"41.619617","15.553379",30-50 cm,"35",Durum Wheat,Trigo duro,Blé dur,Frumento duro,Triticum durum Desf.,Pszenica durum,,,Sunny - no clouds,"6.970","1.428",,,,,
"28",AA.S_Capitanata.16_2017_LAI,21-Mar-2017,5:02 PM,Riefolo C. - Ruggieri S.,"41.621147","15.552838",>50 cm,"35",Durum Wheat,Trigo duro,Blé dur,Frumento duro,Triticum durum Desf.,Pszenica durum,,,Sunny - no clouds,"5.840","0.540",,,,,
"29",AA.S_Capitanata.17_2017_LAI,21-Mar-2017,5:16 PM,Riefolo C. - Ruggieri S.,"41.624116","15.564763",>50 cm,"35",Durum Wheat,Trigo duro,Blé dur,Frumento duro,Triticum durum Desf.,Pszenica durum,,,Sunny - no clouds,"5.480","0.150",,,,,
"30",AA.S_Capitanata.18_2017_LAI,21-Mar-2017,5:20 PM,Riefolo C. - Ruggieri S.,"41.625447","15.564431",>50 cm,"35",Durum Wheat,Trigo duro,Blé dur,Frumento duro,Triticum durum Desf.,Pszenica durum,,,Sunny - no clouds,"6.090","0.790",,,,,
"31",AA.S_Capitanata.19_2017_LAI,21-Mar-2017,5:22 PM,Riefolo C. - Ruggieri S.,"41.622771","15.572094",10-30 cm,"35",Durum Wheat,Trigo duro,Blé dur,Frumento duro,Triticum durum Desf.,Pszenica durum,,,Sunny - no clouds,"6.000","0.710",,,,,
"32",AA.S_Capitanata.20_2017_LAI,21-Mar-2017,5:31 PM,Riefolo C. - Ruggieri S.,"41.621989","15.574738",10-30 cm,"35",Durum Wheat,Trigo duro,Blé dur,Frumento duro,Triticum durum Desf.,Pszenica durum,,,Sunny - no clouds,"1.870","0.390",,,,,
"33",AA.S_Capitanata.21_2017_LAI,21-Mar-2017,5:32 PM,Riefolo C. - Ruggieri S.,"41.605563","15.561514",30-50 cm,"35",Durum Wheat,Trigo duro,Blé dur,Frumento duro,Triticum durum Desf.,Pszenica durum,,,Sunny - no clouds,"1.300","0.190",,,,,
"34",AA.S_Capitanata.22_2017_LAI,21-Mar-2017,5:37 PM,Riefolo C. - Ruggieri S.,"41.601285","15.558720",>50 cm,"35",Durum Wheat,Trigo duro,Blé dur,Frumento duro,Triticum durum Desf.,Pszenica durum,,,Sunny - no clouds,"4.110","0.050",,,,,
"35",AA.S_Capitanata.23_2017_LAI,21-Mar-2017,5:38 PM,Riefolo C. - Ruggieri S.,"41.615392","15.570616",>50 cm,"40",Horse beans,,,Favino,Vicia Faba var. minor Beck.,,,,Sunny - no clouds,"3.920","0.530",,,,,
"36",AA.S_Capitanata.24_2017_LAI,21-Mar-2017,5:46 PM,Riefolo C. - Ruggieri S.,"41.600735","15.561016",10-30 cm,"35",Durum Wheat,Trigo duro,Blé dur,Frumento duro,Triticum durum Desf.,Pszenica durum,,,Sunny - no clouds,"3.040","0.220",,,,,
"37",AA.S_Capitanata.25_2017_LAI,21-Mar-2017,6:09 PM,Riefolo C. - Ruggieri S.,"41.588027","15.556375",30-50 cm,"35",Durum Wheat,Trigo duro,Blé dur,Frumento duro,Triticum durum Desf.,Pszenica durum,,,Sunny - no clouds,"3.810","0.500",,,,,
"38",AA.S_Capitanata.26_2017_LAI,21-Mar-2017,6:10 PM,Riefolo C. - Ruggieri S.,"41.586712","15.555674",10-30 cm,"35",Horse beans,,,Favino,Vicia Faba var. minor Beck.,,,,Sunny - no clouds,"2.250","0.140",,,,,
"39",AA.S_Capitanata.27_2017_LAI,21-Mar-2017,6:17 PM,Riefolo C. - Ruggieri S.,"41.581423","15.547459",30-50 cm,"35",Durum Wheat,Trigo duro,Blé dur,Frumento duro,Triticum durum Desf.,Pszenica durum,,,Sunny - no clouds,"2.030","0.170",,,,,
"40",AA.S_Capitanata.28_2017_LAI,21-Mar-2017,6:18 PM,Riefolo C. - Ruggieri S.,"41.580359","15.549278",30-50 cm,"35",Durum Wheat,Trigo duro,Blé dur,Frumento duro,Triticum durum Desf.,Pszenica durum,,,Sunny - no clouds,"3.630","0.620",,,,,
"41",AA.S_Capitanata.29_2017_LAI,21-Mar-2017,6:28 PM,Riefolo C. - Ruggieri S.,"41.557532","15.545631",10-30 cm,"35",Durum Wheat,Trigo duro,Blé dur,Frumento duro,Triticum durum Desf.,Pszenica durum,,,Sunny - no clouds,"1.540","0.000",,,,,
"42",AA.S_Capitanata.30_2017_LAI,21-Mar-2017,6:30 PM,Riefolo C. - Ruggieri S.,"41.557571","15.547286",10-30 cm,"35",Durum Wheat,Trigo duro,Blé dur,Frumento duro,Triticum durum Desf.,Pszenica durum,,,Sunny - no clouds,"1.900","0.410",,,,,
"43",AA.S_Capitanata.31_2017_LAI,21-Mar-2017,6:39 PM,Riefolo C. - Ruggieri S.,"41.546223","15.543044",10-30 cm,"35",Durum Wheat,Trigo duro,Blé dur,Frumento duro,Triticum durum Desf.,Pszenica durum,,,Sunny - no clouds,"0.990","0.170",,,,,
"44",AA.S_Capitanata.32_2017_LAI,21-Mar-2017,6:41 PM,Riefolo C. - Ruggieri S.,"41.545719","15.544504",30-50 cm,"19",Brocoli,,,Broccolo,Brassica oleracea var. italica,,,,Sunny - no clouds,"1.590","0.940",,,,,
"45",AA.S_Capitanata.33_2017_LAI,22-Mar-2017,9:48 AM,Riefolo C. - Ruggieri S.,"41.533089","15.536490",30-50 cm,"35",Durum Wheat,Trigo duro,Blé dur,Frumento duro,Triticum durum Desf.,Pszenica durum,,,Sunny - no clouds,"6.060","0.460",,,,,
"46",AA.S_Capitanata.34_2017_LAI,22-Mar-2017,9:56 AM,Riefolo C. - Ruggieri S.,"41.605276","15.529955",30-50 cm,"35",Durum Wheat,Trigo duro,Blé dur,Frumento duro,Triticum durum Desf.,Pszenica durum,,,Sunny - no clouds,"3.080","0.170",,,,,
"47",AA.S_Capitanata.35_2017_LAI,22-Mar-2017,10:24 AM,Riefolo C. - Ruggieri S.,"41.609817","15.523092",30-50 cm,"35",Durum Wheat,Trigo duro,Blé dur,Frumento duro,Triticum durum Desf.,Pszenica durum,,,Sunny - no clouds,"3.900","0.370",,,,,
"48",AA.S_Capitanata.36_2017_LAI,22-Mar-2017,10:29 AM,Riefolo C. - Ruggieri S.,"41.616784","15.522277",30-50 cm,"35",Durum Wheat,Trigo duro,Blé dur,Frumento duro,Triticum durum Desf.,Pszenica durum,,,Sunny - no clouds,"3.580","0.060",,,,,
"49",AA.S_Capitanata.37_2017_LAI,22-Mar-2017,10:38 AM,Riefolo C. - Ruggieri S.,"41.615981","15.520637",30-50 cm,"35",Durum Wheat,Trigo duro,Blé dur,Frumento duro,Triticum durum Desf.,Pszenica durum,,,Sunny - no clouds,"1.100","0.140",,,,,
"50",AA.S_Capitanata.38_2017_LAI,22-Mar-2017,10:44 AM,Riefolo C. - Ruggieri S.,"41.627814","15.517791",30-50 cm,"35",Durum Wheat,Trigo duro,Blé dur,Frumento duro,Triticum durum Desf.,Pszenica durum,,,Sunny - no clouds,"3.590","0.100",,,,,
"51",AA.S_Capitanata.39_2017_LAI,22-Mar-2017,10:47 AM,Riefolo C. - Ruggieri S.,"41.634119","15.512623",>50 cm,"40",Horse beans,,,Favino,Vicia Faba var. minor Beck.,,,,Sunny - no clouds,"5.790","0.990",,,,,
"52",AA.S_Capitanata.40_2017_LAI,22-Mar-2017,10:49 AM,Riefolo C. - Ruggieri S.,"41.632763","15.512047",30-50 cm,"35",Durum Wheat,Trigo duro,Blé dur,Frumento duro,Triticum durum Desf.,Pszenica durum,,,Sunny - no clouds,"3.310","0.290",,,,,
"53",AA.S_Capitanata.41_2017_LAI,22-Mar-2017,10:51 AM,Riefolo C. - Ruggieri S.,"41.633837","15.510879",>50 cm,"40",Horse beans,,,Favino,Vicia Faba var. minor Beck.,,,,Sunny - no clouds,"1.880","0.510",,,,,
"54",AA.S_Capitanata.42_2017_LAI,22-Mar-2017,11:04 AM,Riefolo C. - Ruggieri S.,"41.641202","15.505783",10-30 cm,"35",Horse beans,,,Favino,Vicia Faba var. minor Beck.,,,,Sunny - no clouds,"0.600","0.000",,,,,
"55",AA.S_Capitanata.43_2017_LAI,22-Mar-2017,11:06 AM,Riefolo C. - Ruggieri S.,"41.642138","15.506979",30-50 cm,"35",Durum Wheat,Trigo duro,Blé dur,Frumento duro,Triticum durum Desf.,Pszenica durum,,,Sunny - no clouds,"1.030","0.160",,,,,
"56",AA.S_Capitanata.44_2017_LAI,22-Mar-2017,11:15 AM,Riefolo C. - Ruggieri S.,"41.643755","15.504139",30-50 cm,"38",Horse beans,,,Favino,Vicia Faba var. minor Beck.,,,,Sunny - no clouds,"1.910","0.780",,,,,
"57",AA.S_Capitanata.45_2017_LAI,22-Mar-2017,11:19 AM,Riefolo C. - Ruggieri S.,"41.642921","15.503677",>50 cm,"35",Barley,,,Orzo,Hordeum vulgaris L.,,,,Sunny - no clouds,"5.630","0.610",,,,,
"58",AA.S_Capitanata.46_2017_LAI,22-Mar-2017,11:23 AM,Riefolo C. - Ruggieri S.,"41.644078","15.503602",30-50 cm,"35",Durum Wheat,Trigo duro,Blé dur,Frumento duro,Triticum durum Desf.,Pszenica durum,,,Sunny - no clouds,"2.760","0.440",,,,,
"59",AA.S_Capitanata.47_2017_LAI,22-Mar-2017,11:26 AM,Riefolo C. - Ruggieri S.,"41.644078","15.503602",30-50 cm,"35",Durum Wheat,Trigo duro,Blé dur,Frumento duro,Triticum durum Desf.,Pszenica durum,,,Sunny - no clouds,"3.760","1.450",,,,,
"60",AA.S_Capitanata.48_2017_LAI,22-Mar-2017,11:43 AM,Riefolo C. - Ruggieri S.,"41.648969","15.497394",10-30 cm,"35",Barley,,,Orzo,Hordeum vulgaris L.,,,,Sunny - no clouds,"2.370","1.000",,,,,
"61",AA.S_Capitanata.49_2017_LAI,22-Mar-2017,11:47 AM,Riefolo C. - Ruggieri S.,"41.647904","15.496288",>50 cm,"35",Durum Wheat,Trigo duro,Blé dur,Frumento duro,Triticum durum Desf.,Pszenica durum,,,Sunny - no clouds,"4.230","0.490",,,,,
"62",AA.S_Capitanata.50_2017_LAI,22-Mar-2017,6:06 PM,Riefolo C. - Ruggieri S.,"41.587358","15.554249",10-30 cm,"35",Durum Wheat,Trigo duro,Blé dur,Frumento duro,Triticum durum Desf.,Pszenica durum,,,Sunny - no clouds,"2.140","0.080",,,,,
"63",1NT_STRATEGA_20170329_LAI,29-Mar-2017,10:36 AM,Colecchia S.A. - De Santis A.P.,"41.464561","15.507254",30-50 cm,"32",Durum Wheat,Trigo duro,Blé dur,Frumento duro,Triticum durum Desf.,Pszenica durum,,,Sunny - no clouds,"0.855","0.219",,,,,
"64",2CT_STRATEGA_20170329_LAI,29-Mar-2017,10:44 AM,Colecchia S.A. - De Santis A.P.,"41.463258","15.506586",30-50 cm,"32",Durum Wheat,Trigo duro,Blé dur,Frumento duro,Triticum durum Desf.,Pszenica durum,,,Sunny - no clouds,"1.390","0.198",,,,,
"65",3NT_STRATEGA_20170329_LAI,29-Mar-2017,10:49 AM,Colecchia S.A. - De Santis A.P.,"41.462251","15.506075",30-50 cm,"32",Durum Wheat,Trigo duro,Blé dur,Frumento duro,Triticum durum Desf.,Pszenica durum,,,Sunny - no clouds,"0.610","0.184",,,,,
"66",4CT_STRATEGA_20170329_LAI,29-Mar-2017,10:54 AM,Colecchia S.A. - De Santis A.P.,"41.461017","15.505510",30-50 cm,"32",Durum Wheat,Trigo duro,Blé dur,Frumento duro,Triticum durum Desf.,Pszenica durum,,,Sunny - no clouds,"1.800","0.589",,,,,
"67",5NT_STRATEGA_20170329_LAI,29-Mar-2017,10:57 AM,Colecchia S.A. - De Santis A.P.,"41.460122","15.504875",30-50 cm,"32",Durum Wheat,Trigo duro,Blé dur,Frumento duro,Triticum durum Desf.,Pszenica durum,,,Sunny - no clouds,"0.883","0.116",,,,,
"68",6CT_STRATEGA_20170329_LAI,29-Mar-2017,10:09 AM,Colecchia S.A. - De Santis A.P.,"41.459542","15.505743",30-50 cm,"32",Durum Wheat,Trigo duro,Blé dur,Frumento duro,Triticum durum Desf.,Pszenica durum,,,Sunny - no clouds,"0.753","0.194",,,,,
"69",7NT_STRATEGA_20170329_LAI,29-Mar-2017,10:16 AM,Colecchia S.A. - De Santis A.P.,"41.460793","15.506305",30-50 cm,"32",Durum Wheat,Trigo duro,Blé dur,Frumento duro,Triticum durum Desf.,Pszenica durum,,,Sunny - no clouds,"0.790","0.198",,,,,
"70",8CT_STRATEGA_20170329_LAI,29-Mar-2017,10:21 AM,Colecchia S.A. - De Santis A.P.,"41.462031","15.506923",30-50 cm,"32",Durum Wheat,Trigo duro,Blé dur,Frumento duro,Triticum durum Desf.,Pszenica durum,,,Sunny - no clouds,"0.770","0.191",,,,,
"71",9NT_STRATEGA_20170329_LAI,29-Mar-2017,10:26 AM,Colecchia S.A. - De Santis A.P.,"41.463218","15.507459",30-50 cm,"32",Durum Wheat,Trigo duro,Blé dur,Frumento duro,Triticum durum Desf.,Pszenica durum,,,Sunny - no clouds,"0.783","0.106",,,,,
"72",10CT_STRATEGA_20170329_LAI,29-Mar-2017,10:33 AM,Colecchia S.A. - De Santis A.P.,"41.464351","15.508019",30-50 cm,"32",Durum Wheat,Trigo duro,Blé dur,Frumento duro,Triticum durum Desf.,Pszenica durum,,,Sunny - no clouds,"1.700","1.067",,,,,
"73",A_CREA-CI_20170405_LAI,5-Apr-2017,9:47 AM,Colecchia S.A. - De Santis A.P.,"41.460898","15.495710",30-50 cm,"34",Durum Wheat,Trigo duro,Blé dur,Frumento duro,Triticum durum Desf.,Pszenica durum,,,Sunny - no clouds,"3.303","0.029",,,,,
"74",B_CREA-CI_20170405_LAI,5-Apr-2017,10:05 AM,Colecchia S.A. - De Santis A.P.,"41.459686","15.495366",30-50 cm,"34",Durum Wheat,Trigo duro,Blé dur,Frumento duro,Triticum durum Desf.,Pszenica durum,,,Sunny - no clouds,"1.267","0.236",,,,,
"75",C_CREA-CI_20170405_LAI,5-Apr-2017,10:30 AM,Colecchia S.A. - De Santis A.P.,"41.462899","15.493291",30-50 cm,"34",Durum Wheat,Trigo duro,Blé dur,Frumento duro,Triticum durum Desf.,Pszenica durum,,,Sunny - no clouds,"3.843","0.387",,,,,
"76",D_CREA-CI_20170405_LAI,5-Apr-2017,10:44 AM,Colecchia S.A. - De Santis A.P.,"41.463135","15.494309",30-50 cm,,Vetch,Arveja,Vesce,Veccia,Vicia L.,Wyka,,,Sunny - no clouds,"7.670","0.786",,,,,
"77",E_CREA-CI_20170405_LAI,5-Apr-2017,11:06 AM,Colecchia S.A. - De Santis A.P.,"41.467168","15.501136",30-50 cm,"34",Durum Wheat,Trigo duro,Blé dur,Frumento duro,Triticum durum Desf.,Pszenica durum,,,Sunny - no clouds,"3.577","0.175",,,,,
"78",F_CREA-CI_20170405_LAI,5-Apr-2017,11:24 AM,Colecchia S.A. - De Santis A.P.,"41.465804","15.506873",30-50 cm,"34",Durum Wheat,Trigo duro,Blé dur,Frumento duro,Triticum durum Desf.,Pszenica durum,,,Sunny - no clouds,"4.533","0.155",,,,,
"79",G_CREA-CI_20170405_LAI,5-Apr-2017,11:41 AM,Colecchia S.A. - De Santis A.P.,"41.465444","15.512070",30-50 cm,"34",Durum Wheat,Trigo duro,Blé dur,Frumento duro,Triticum durum Desf.,Pszenica durum,,,Sunny - no clouds,"3.280","0.516",,,,,
"80",H_CREA-CI_20170405_LAI,5-Apr-2017,12:04 PM,Colecchia S.A. - De Santis A.P.,"41.461733","15.519886",30-50 cm,"34",Durum Wheat,Trigo duro,Blé dur,Frumento duro,Triticum durum Desf.,Pszenica durum,,,Sunny - no clouds,"1.450","0.235",,,,,
"81",I_CREA-CI_20170405_LAI,5-Apr-2017,12:11 PM,Colecchia S.A. - De Santis A.P.,"41.461003","15.521225",30-50 cm,"34",Durum Wheat,Trigo duro,Blé dur,Frumento duro,Triticum durum Desf.,Pszenica durum,,,Sunny - no clouds,"1.477","0.220",,,,,
"82",L_CREA-CI_20170405_LAI,5-Apr-2017,12:20 PM,Colecchia S.A. - De Santis A.P.,"41.460509","15.522207",30-50 cm,"34",Durum Wheat,Trigo duro,Blé dur,Frumento duro,Triticum durum Desf.,Pszenica durum,,,Sunny - no clouds,"1.637","0.179",,,,,
"83",AA.V_P15_20170413_LAI,13-Apr-2017,8:39 AM,Vonella V.,"41.448630","15.502230",>50 cm,"41",Durum Wheat,Trigo duro,Blé dur,Frumento duro,Triticum durum Desf.,Pszenica durum,,,Sunny - no clouds,"5.588","0.605",,,,,
"84",AA.V_P16_20170413_LAI,13-Apr-2017,8:46 AM,Vonella V.,"41.448840","15.502850",>50 cm,"41",Durum Wheat,Trigo duro,Blé dur,Frumento duro,Triticum durum Desf.,Pszenica durum,,,Sunny - no clouds,"4.160","0.313",,,,,
"85",AA.V_P20_20170413_LAI,13-Apr-2017,9:11 AM,Vonella V.,"41.449690","15.502190",>50 cm,"41",Durum Wheat,Trigo duro,Blé dur,Frumento duro,Triticum durum Desf.,Pszenica durum,,,Sunny - no clouds,"5.016","0.579",,,,,
"86",AA.V_P25_20170413_LAI,13-Apr-2017,9:19 AM,Vonella V.,"41.450580","15.500740",>50 cm,"41",Durum Wheat,Trigo duro,Blé dur,Frumento duro,Triticum durum Desf.,Pszenica durum,,,Sunny - no clouds,"4.760","0.479",,,,,
"87",AA.V_SOFIA.1.A_20170413_LAI,13-Apr-2017,10:09 AM,Vonella V.,"41.451860","15.512410",>50 cm,"41",Durum Wheat,Trigo duro,Blé dur,Frumento duro,Triticum durum Desf.,Pszenica durum,,,Sunny - no clouds,"6.528","0.847",,,,,
"88",AA.V_SOFIA.1.B_20170413_LAI,13-Apr-2017,10:29 AM,Vonella V.,"41.451490","15.511600",>50 cm,"41",Durum Wheat,Trigo duro,Blé dur,Frumento duro,Triticum durum Desf.,Pszenica durum,,,Sunny - no clouds,"6.613","1.607",,,,,
"89",AA.V_SOFIA.2_20170413_LAI,13-Apr-2017,10:56 AM,Vonella V.,"41.451890","15.510050",>50 cm,"41",Durum Wheat,Trigo duro,Blé dur,Frumento duro,Triticum durum Desf.,Pszenica durum,,,Sunny - no clouds,"7.368","1.806",,,,,
"90",AA.V_SOFIA.3_20170413_LAI,13-Apr-2017,11:03 AM,Vonella V.,"41.451210","15.508830",>50 cm,"41",Durum Wheat,Trigo duro,Blé dur,Frumento duro,Triticum durum Desf.,Pszenica durum,,,Sunny - no clouds,"6.272","1.517",,,,,
"91",AA.V_LUCERA.FR_20170413_LAI,13-Apr-2017,3:07 PM,Vonella V.,"41.489190","15.362830",>50 cm,"41",Durum Wheat,Trigo duro,Blé dur,Frumento duro,Triticum durum Desf.,Pszenica durum,,,Sunny - no clouds,"3.768","1.070",,,,,
"92",AA.V_LUCERA.CE_20170413_LAI,13-Apr-2017,3:31 PM,Vonella V.,"41.489650","15.363320",30-50 cm,"51",Chickpea,,,Cece,Cicer arietinum L.,,,,Sunny - no clouds,"1.896","0.257",,,,,
"93",1NT_STRATEGA_20170511_LAI,11-May-2017,8:28 AM,Colecchia S.A. - De Santis A.P.,"41.464561","15.507254",>50 cm,"69",Durum Wheat,Trigo duro,Blé dur,Frumento duro,Triticum durum Desf.,Pszenica durum,,,Sunny - no clouds,"2.057","0.179",,,,,
"94",2CT_STRATEGA_20170511_LAI,11-May-2017,8:35 AM,Colecchia S.A. - De Santis A.P.,"41.463258","15.506586",>50 cm,"69",Durum Wheat,Trigo duro,Blé dur,Frumento duro,Triticum durum Desf.,Pszenica durum,,,Sunny - no clouds,"1.829","0.130",,,,,
"95",3NT_STRATEGA_20170511_LAI,11-May-2017,8:42 AM,Colecchia S.A. - De Santis A.P.,"41.462251","15.506075",>50 cm,"69",Durum Wheat,Trigo duro,Blé dur,Frumento duro,Triticum durum Desf.,Pszenica durum,,,Sunny - no clouds,"2.018","0.122",,,,,
"96",4CT_STRATEGA_20170511_LAI,11-May-2017,8:50 AM,Colecchia S.A. - De Santis A.P.,"41.461017","15.505510",>50 cm,"69",Durum Wheat,Trigo duro,Blé dur,Frumento duro,Triticum durum Desf.,Pszenica durum,,,Sunny - no clouds,"2.065","0.175",,,,,
"97",5NT_STRATEGA_20170511_LAI,11-May-2017,8:57 AM,Colecchia S.A. - De Santis A.P.,"41.460122","15.504875",>50 cm,"69",Durum Wheat,Trigo duro,Blé dur,Frumento duro,Triticum durum Desf.,Pszenica durum,,,Sunny - no clouds,"1.947","0.146",,,,,
"98",6CT_STRATEGA_20170511_LAI,11-May-2017,7:47 AM,Colecchia S.A. - De Santis A.P.,"41.459542","15.505743",>50 cm,"69",Durum Wheat,Trigo duro,Blé dur,Frumento duro,Triticum durum Desf.,Pszenica durum,,,Sunny - no clouds,"2.253","0.242",,,,,
"99",7NT_STRATEGA_20170511_LAI,11-May-2017,7:56 AM,Colecchia S.A. - De Santis A.P.,"41.460793","15.506305",>50 cm,"69",Durum Wheat,Trigo duro,Blé dur,Frumento duro,Triticum durum Desf.,Pszenica durum,,,Sunny - no clouds,"2.345","0.190",,,,,
"100",8CT_STRATEGA_20170511_LAI,11-May-2017,8:03 AM,Colecchia S.A. - De Santis A.P.,"41.462031","15.506923",>50 cm,"69",Durum Wheat,Trigo duro,Blé dur,Frumento duro,Triticum durum Desf.,Pszenica durum,,,Sunny - no clouds,"2.021","0.192",,,,,
"101",9NT_STRATEGA_20170511_LAI,11-May-2017,8:11 AM,Colecchia S.A. - De Santis A.P.,"41.463218","15.507459",>50 cm,"69",Durum Wheat,Trigo duro,Blé dur,Frumento duro,Triticum durum Desf.,Pszenica durum,,,Sunny - no clouds,"1.985","0.131",,,,,
"102",10CT_STRATEGA_20170511_LAI,11-May-2017,8:17 AM,Colecchia S.A. - De Santis A.P.,"41.464351","15.508019",>50 cm,"69",Durum Wheat,Trigo duro,Blé dur,Frumento duro,Triticum durum Desf.,Pszenica durum,,,Sunny - no clouds,"1.787","0.141",,,,,
"103",A_Foraggere_20170517_LAI,17-May-2017,8:54 AM,Colecchia S.A. - De Santis A.P.,"41.453736","15.510834",>50 cm,"69",Durum Wheat,Trigo duro,Blé dur,Frumento duro,Triticum durum Desf.,Pszenica durum,,,Sunny - no clouds,"4.162","0.564",,,,,
"104",B_Foraggere_20170517_LAI,17-May-2017,9:34 AM,Colecchia S.A. - De Santis A.P.,"41.453559","15.510150",>50 cm,"69",Durum Wheat,Trigo duro,Blé dur,Frumento duro,Triticum durum Desf.,Pszenica durum,,,Sunny - no clouds,"4.510","0.473",,,,,
"105",C_Foraggere_20170517_LAI,17-May-2017,10:11 AM,Colecchia S.A. - De Santis A.P.,"41.452049","15.511371",>50 cm,"69",Durum Wheat,Trigo duro,Blé dur,Frumento duro,Triticum durum Desf.,Pszenica durum,,,Sunny - no clouds,"4.100","0.297",,,,,
"106",D_Foraggere_20170517_LAI,17-May-2017,10:36 AM,Colecchia S.A. - De Santis A.P.,"41.451568","15.510218",>50 cm,"69",Durum Wheat,Trigo duro,Blé dur,Frumento duro,Triticum durum Desf.,Pszenica durum,,,Sunny - no clouds,"4.096","0.270",,,,,
"107",E_Foraggere_20170517_LAI,17-May-2017,10:55 AM,Colecchia S.A. - De Santis A.P.,"41.453095","15.509176",>50 cm,"69",Durum Wheat,Trigo duro,Blé dur,Frumento duro,Triticum durum Desf.,Pszenica durum,,,Sunny - no clouds,"4.606","0.585",,,,,
"108",F_Foraggere_20170517_LAI,17-May-2017,11:49 AM,Colecchia S.A. - De Santis A.P.,"41.450981","15.508549",>50 cm,"69",Durum Wheat,Trigo duro,Blé dur,Frumento duro,Triticum durum Desf.,Pszenica durum,,,Sunny - no clouds,"2.646","0.630",,,,,
"109",G_Foraggere_20170517_LAI,17-May-2017,12:07 PM,Colecchia S.A. - De Santis A.P.,"41.452208","15.508092",>50 cm,"69",Durum Wheat,Trigo duro,Blé dur,Frumento duro,Triticum durum Desf.,Pszenica durum,,,Sunny - no clouds,"2.900","0.414",,,,,
"110",H_Foraggere_20170517_LAI,17-May-2017,12:29 PM,Colecchia S.A. - De Santis A.P.,"41.451856","15.506353",>50 cm,"69",Durum Wheat,Trigo duro,Blé dur,Frumento duro,Triticum durum Desf.,Pszenica durum,,,Sunny - no clouds,"3.604","0.349",,,,,
"111",I_Foraggere_20170517_LAI,17-May-2017,12:58 PM,Colecchia S.A. - De Santis A.P.,"41.451918","15.514651",>50 cm,"69",Durum Wheat,Trigo duro,Blé dur,Frumento duro,Triticum durum Desf.,Pszenica durum,,,Sunny - no clouds,"0.710","0.416",,,,,
"112",J_Foraggere_20170517_LAI,17-May-2017,1:17 PM,Colecchia S.A. - De Santis A.P.,"41.452352","15.516151",>50 cm,"69",Durum Wheat,Trigo duro,Blé dur,Frumento duro,Triticum durum Desf.,Pszenica durum,,,Sunny - no clouds,"0.604","0.583",,,,,
"113",Sg01_liv2_20170530_LAI,30-May-2017,11:41 AM,Colecchia S.A. - De Santis A.P.,"41.360597","15.477490",>50 cm,"83",Durum Wheat,Trigo duro,Blé dur,Frumento duro,Triticum durum Desf.,Pszenica durum,,,Sunny - no clouds,"2.186","0.211",,,,,
"114",Sg02_liv2_20170530_LAI,30-May-2017,9:53 AM,Colecchia S.A. - De Santis A.P.,"41.365754","15.478627",>50 cm,"83",Durum Wheat,Trigo duro,Blé dur,Frumento duro,Triticum durum Desf.,Pszenica durum,,,Sunny - no clouds,"2.282","0.342",,,,,
"115",Sg03_liv2_20170530_LAI,30-May-2017,10:21 AM,Colecchia S.A. - De Santis A.P.,"41.370132","15.482916",>50 cm,"83",Durum Wheat,Trigo duro,Blé dur,Frumento duro,Triticum durum Desf.,Pszenica durum,,,Sunny - no clouds,"1.888","0.347",,,,,
"116",Sg04_liv2_20170530_LAI,30-May-2017,10:38 AM,Colecchia S.A. - De Santis A.P.,"41.375459","15.486340",>50 cm,"83",Durum Wheat,Trigo duro,Blé dur,Frumento duro,Triticum durum Desf.,Pszenica durum,,,Sunny - no clouds,"1.500","0.258",,,,,
"117",Sg05_liv2_20170530_LAI,30-May-2017,10:57 AM,Colecchia S.A. - De Santis A.P.,"41.374255","15.487682",>50 cm,"83",Durum Wheat,Trigo duro,Blé dur,Frumento duro,Triticum durum Desf.,Pszenica durum,,,Sunny - no clouds,"1.304","0.124",,,,,
"118",Sg06_liv2_20170530_LAI,30-May-2017,8:10 AM,Colecchia S.A. - De Santis A.P.,"41.379578","15.496237",>50 cm,"83",Olive,,,Olivo,Olea europaea L.,,,,Sunny - no clouds,"1.433","0.436",,,,,Durum Wheat intercropping
"119",Sg07_liv2_20170530_LAI,30-May-2017,8:35 AM,Colecchia S.A. - De Santis A.P.,"41.378372","15.502219",>50 cm,"83",Durum Wheat,Trigo duro,Blé dur,Frumento duro,Triticum durum Desf.,Pszenica durum,,,Sunny - no clouds,"3.613","0.662",,,,,
"120",Sg08_liv2_20170530_LAI,30-May-2017,10:05 AM,Colecchia S.A. - De Santis A.P.,"41.364159","15.485311",>50 cm,"83",Durum Wheat,Trigo duro,Blé dur,Frumento duro,Triticum durum Desf.,Pszenica durum,,,Sunny - no clouds,"1.460","0.275",,,,,
"121",Sg10_liv2_20170530_LAI,30-May-2017,9:24 AM,Colecchia S.A. - De Santis A.P.,"41.369087","15.495511",>50 cm,"83",Durum Wheat,Trigo duro,Blé dur,Frumento duro,Triticum durum Desf.,Pszenica durum,,,Sunny - no clouds,"1.382","0.198",,,,,
"122",Sg11_liv2_20170530_LAI,30-May-2017,8:56 AM,Colecchia S.A. - De Santis A.P.,"41.371316","15.500838",>50 cm,"83",Durum Wheat,Trigo duro,Blé dur,Frumento duro,Triticum durum Desf.,Pszenica durum,,,Sunny - no clouds,"1.520","0.337",,,,,
"123",SgMS_liv2_20170530_LAI,30-May-2017,8:26 AM,Colecchia S.A. - De Santis A.P.,"41.378103","15.499921",>50 cm,"83",Durum Wheat,Trigo duro,Blé dur,Frumento duro,Triticum durum Desf.,Pszenica durum,,,Sunny - no clouds,"2.388","1.080",,,,,
"124",A_Pomodoro_20170609_LAI,9-Jun-2017,9:01 AM,Colecchia S.A. - De Santis A.P.,"41.463112","15.497327",10-30 cm,"19",Tomato,,,Pomodoro,Solanum licopersicum L.,,"180","302",Sunny - no clouds,"0.351","0.12",,,,,
"125",B_Pomodoro_20170609_LAI,9-Jun-2017,10:16 AM,Colecchia S.A. - De Santis A.P.,"41.454229","15.511872",10-30 cm,"19",Tomato,,,Pomodoro,Solanum licopersicum L.,,"160","331",Sunny - no clouds,"1.432","0.55",,,,,
"126",C_Pomodoro_20170609_LAI,9-Jun-2017,9:49 AM,Colecchia S.A. - De Santis A.P.,"41.455026","15.515643",10-30 cm,"19",Tomato,,,Pomodoro,Solanum licopersicum L.,,"160","330",Sunny - no clouds,"0.488","0.25",,,,,
"127",A_Pomodoro_20170612_LAI,12-Jun-2017,2:42 PM,Colecchia S.A. - De Santis A.P.,"41.463112","15.497327",10-30 cm,"19",Tomato,,,Pomodoro,Solanum licopersicum L.,,"180","302",Sunny - no clouds,"0.425","0.24",,,,,
"128",B_Pomodoro_20170612_LAI,12-Jun-2017,11:10 AM,Colecchia S.A. - De Santis A.P.,"41.454229","15.511872",10-30 cm,"19",Tomato,,,Pomodoro,Solanum licopersicum L.,,"160","331",Sunny - no clouds,"1.927","0.75",,,,,
"129",C_Pomodoro_20170612_LAI,12-Jun-2017,12:08 PM,Colecchia S.A. - De Santis A.P.,"41.455026","15.515643",10-30 cm,"19",Tomato,,,Pomodoro,Solanum licopersicum L.,,"160","330",Sunny - no clouds,"0.347","0.33",,,,,
"130",A_Pomodoro_20170615_LAI,15-Jun-2017,7:38 AM,Colecchia S.A. - De Santis A.P.,"41.463112","15.497327",10-30 cm,"61",Tomato,,,Pomodoro,Solanum licopersicum L.,,"180","302",Sunny - no clouds,"1.620","0.95",,,,,
"131",B_Pomodoro_20170615_LAI,15-Jun-2017,7:24 AM,Colecchia S.A. - De Santis A.P.,"41.454229","15.511872",10-30 cm,"61",Tomato,,,Pomodoro,Solanum licopersicum L.,,"160","331",Sunny - no clouds,"2.804","1.25",,,,,
"132",C_Pomodoro_20170615_LAI,15-Jun-2017,7:01 AM,Colecchia S.A. - De Santis A.P.,"41.455026","15.515643",10-30 cm,"61",Tomato,,,Pomodoro,Solanum licopersicum L.,,"160","330",Sunny - no clouds,"1.153","0.78",,,,,
"133",A_Pomodoro_20170621_LAI,21-Jun-2017,8:52 AM,Colecchia S.A. - De Santis A.P.,"41.463112","15.497327",30-50 cm,"70",Tomato,,,Pomodoro,Solanum licopersicum L.,,"180","302",Sunny - no clouds,"1.336","0.56",,,,,
"134",B_Pomodoro_20170621_LAI,21-Jun-2017,10:12 AM,Colecchia S.A. - De Santis A.P.,"41.454229","15.511872",30-50 cm,"70",Tomato,,,Pomodoro,Solanum licopersicum L.,,"160","331",Sunny - no clouds,"3.334","0.80",,,,,
"135",C_Pomodoro_20170621_LAI,21-Jun-2017,9:52 AM,Colecchia S.A. - De Santis A.P.,"41.455026","15.515643",30-50 cm,"70",Tomato,,,Pomodoro,Solanum licopersicum L.,,"160","330",Sunny - no clouds,"1.679","0.52",,,,,
