,geometry,field_date,B2,B3,B4,B8,B5,B6,B7,B8A,B11,B12,sat_mask,cloud_mask,edge_mask,geophysical_mask,sun_zen,sun_az,join_zen,join_az,s2_date,time_delta,s2_filenames,StudySite,ESUnumber,CropType,CropHeight,Rowspacing,LeafType,PhenoState,RowOrienta,SkyCond,SamplStrat,Irrigation,b_Tilled,Operators,d_observa,X_UTM,Y_UTM,LAI_g_B_mi,fCover,LicorLAI,LAI_AccuPA,SD_LAI_Acc,B443_1,B490_1,B560_1,B665_1,B705_1,B740_1,B783_1,B842_1,B865_1,B945_1,B1610_1,B2190_1
0,POINT (339299.3153897313 4601151.983570112),2018-05-11,0.0559,0.0965,0.0808,0.4206,0.1491,0.3524,0.4199,0.4418,0.2262,0.1485,0,0,0,0,28,150,0,85,2018-05-02,9 days,/work/CESBIO/projects/MAESTRIA/prosail_validation/validation_sites/T30TUM/SENTINEL2B_20180502-111526-843_L2A_T30TUM_D_V1-7_roi_0.tif,Gsec,2106,MEZCLA AVENA-CEBADA,70.0,10.0,N,MA,paralel to the path,PC,D,R,0,VPG,mezcla de muchos cereales y malas hierbas,339299.315389,4601151.98345,,,,4.006,0.76248278669,,0.0,0.0,,,,,,,,,
1,POINT (339293.0540185919 4601170.966222147),2018-06-28,0.1033,0.1497,0.2003,0.3227,0.2379,0.2849,0.3151,0.3588,0.3801,0.2709,0,0,0,0,22,139,1,80,2018-06-26,2 days,/work/CESBIO/projects/MAESTRIA/prosail_validation/validation_sites/T30TUM/SENTINEL2A_20180626-111803-971_L2A_T30TUM_C_V2-2_roi_0.tif,Gsec,4106,MEZCLA AVENA-TRIGO,0.0,0.0,-1,-1,,PC,-1,-1,0,-1,segado. La siega está  en hileras,339293.054017,4601170.96611,,,,0.0,0.0,,0.0,0.0,,,,,,,,,
2,POINT (339227.654661163 4601185.525707796),2018-06-28,0.0429,0.0743,0.0687,0.324,0.125,0.256,0.307,0.3513,0.2213,0.1213,0,0,0,0,22,139,1,80,2018-06-26,2 days,/work/CESBIO/projects/MAESTRIA/prosail_validation/validation_sites/T30TUM/SENTINEL2A_20180626-111803-971_L2A_T30TUM_C_V2-2_roi_0.tif,Gsec,4104,ALFALFA,0.0,0.0,B,MA,,PC,-1,R,0,-1,,339227.65466,4601185.52559,,,,2.298,0.25839891641,,0.0,0.0,,,,,,,,,
3,POINT (339290.3271112764 4601186.691691096),2018-04-05,0.0778,0.1151,0.129,0.312,0.1778,0.2704,0.2978,0.3238,0.3359,0.2499,0,0,0,0,52,157,1,79,2018-02-26,38 days,/work/CESBIO/projects/MAESTRIA/prosail_validation/validation_sites/T30TUM/SENTINEL2A_20180226-111426-613_L2A_T30TUM_C_V2-2_roi_0.tif,Gsec,106,MEZCLA AVENA-TRIGO,18.0,10.0,N,GU,perpendicular carretera,PC,D,R,1,VPG,por morfología parece Bromo? no tiene aurículas y tiene vaina basal rojiza. puede ser mezcla de Reservo ríos?,339290.32711,4601186.69158,,,,1.136,0.42068990955,,0.0,0.0,,,,,,,,,
4,POINT (339195.63209062535 4601193.628506116),2018-04-05,0.0837,0.1234,0.151,0.3067,0.201,0.2744,0.2982,0.3215,0.3768,0.2909,0,0,0,0,52,157,1,79,2018-02-26,38 days,/work/CESBIO/projects/MAESTRIA/prosail_validation/validation_sites/T30TUM/SENTINEL2A_20180226-111426-613_L2A_T30TUM_C_V2-2_roi_0.tif,Gsec,104,ALFALFA,12.0,12.0,B,GU,N-s. perpendicular al camino,PC,D,R,0,VPG,parece siembra directa. se ve el rastrojo,339195.632089,4601193.62839,,,,0.3,0.18986837546,,0.0,0.0,,,,,,,,,
5,POINT (339290.4095349032 4601195.443585707),2018-06-14,0.0457,0.0788,0.0658,0.397,0.118,0.3094,0.393,0.4279,0.1919,0.1077,0,0,0,0,24,146,1,86,2018-05-22,23 days,/work/CESBIO/projects/MAESTRIA/prosail_validation/validation_sites/T30TUM/SENTINEL2B_20180522-111119-931_L2A_T30TUM_C_V2-2_roi_0.tif,Gsec,3106,MEZCLA AVENA-TRIGO,90.0,0.0,-1,-1,,CL,D,R,0,VPG,,339290.409534,4601195.44347,,,,2.632,0.58827714557,,0.0,0.0,,,,,,,,,
6,POINT (339220.6146319591 4601203.522991464),2018-06-14,0.0362,0.0662,0.0448,0.4732,0.1114,0.3475,0.4425,0.502,0.2041,0.097,0,0,0,0,24,146,1,86,2018-05-22,23 days,/work/CESBIO/projects/MAESTRIA/prosail_validation/validation_sites/T30TUM/SENTINEL2B_20180522-111119-931_L2A_T30TUM_C_V2-2_roi_0.tif,Gsec,3104,ALFALFA,40.0,0.0,B,FL,,CL,D,R,0,VPG,,339220.614631,4601203.52288,,,,2.94,1.03951911959,,0.0,0.0,,,,,,,,,
7,POINT (339203.1000383684 4601229.810059235),2018-05-11,0.0731,0.1174,0.0934,0.5904,0.1697,0.4812,0.5817,0.6075,0.2568,0.1646,0,0,0,0,28,150,1,86,2018-05-02,9 days,/work/CESBIO/projects/MAESTRIA/prosail_validation/validation_sites/T30TUM/SENTINEL2B_20180502-111526-843_L2A_T30TUM_D_V1-7_roi_0.tif,Gsec,2104,ALFALFA,40.0,0.0,B,FL,,PC,D,R,0,VPG,,339203.100037,4601229.80994,,,,3.20666666667,1.91410205231,,0.0,0.0,,,,,,,,,
8,POINT (339282.4678405272 4601257.080770295),2018-04-05,0.0682,0.1021,0.1445,0.1929,0.1552,0.1717,0.1855,0.201,0.322,0.2744,0,0,0,0,52,157,1,79,2018-02-26,38 days,/work/CESBIO/projects/MAESTRIA/prosail_validation/validation_sites/T30TUM/SENTINEL2A_20180226-111426-613_L2A_T30TUM_C_V2-2_roi_0.tif,Gsec,105,LENTEJAS,3.0,10.0,B,EM,paralelo a la carretera,PC,D,R,1,VPG,germano hace pocos dias,339282.467839,4601257.08065,,,,0.062,0.02387467277,,0.0,0.0,,,,,,,,,
9,POINT (339312.18900545593 4601279.943620983),2018-05-11,0.1251,0.1885,0.2165,0.4189,0.2713,0.3797,0.4087,0.4365,0.3998,0.2953,0,0,0,0,28,150,0,85,2018-05-02,9 days,/work/CESBIO/projects/MAESTRIA/prosail_validation/validation_sites/T30TUM/SENTINEL2B_20180502-111526-843_L2A_T30TUM_D_V1-7_roi_0.tif,Gsec,2105,LENTEJAS,15.0,12.0,B,GU,paralel to the path,PC,D,R,0,VPG,,339312.189004,4601279.94351,,,,0.602,0.24283739416,,0.0,0.0,,,,,,,,,
10,POINT (339266.3042891868 4601285.09467955),2018-06-14,0.0521,0.0825,0.0864,0.2756,0.1249,0.2428,0.2822,0.2893,0.2041,0.1374,0,0,0,0,24,146,1,86,2018-05-22,23 days,/work/CESBIO/projects/MAESTRIA/prosail_validation/validation_sites/T30TUM/SENTINEL2B_20180522-111119-931_L2A_T30TUM_C_V2-2_roi_0.tif,Gsec,3105,LENTEJAS,50.0,0.0,B,FL,,CL,D,R,0,VPG,,339266.304288,4601285.09456,,,,5.88,1.08372044366,,0.0,0.0,,,,,,,,,
11,POINT (339259.150504697 4601309.223766598),2018-06-28,0.057,0.1138,0.0946,0.4326,0.1954,0.374,0.4287,0.4695,0.2496,0.1346,0,0,0,0,22,139,1,80,2018-06-26,2 days,/work/CESBIO/projects/MAESTRIA/prosail_validation/validation_sites/T30TUM/SENTINEL2A_20180626-111803-971_L2A_T30TUM_C_V2-2_roi_0.tif,Gsec,4105,LENTEJAS,0.0,0.0,-1,-1,,PC,D,-1,0,VPG,cercos verdes y amarillos. hay zonas ya en senescencia. mido LAI en una mezcla,339259.150504,4601309.22365,,,,2.94,1.32334802679,,0.0,0.0,,,,,,,,,
12,POINT (339487.06956757524 4602406.502195045),2018-05-11,0.0276,0.0612,0.041,0.4096,0.0976,0.3179,0.4078,0.4373,0.1592,0.0925,0,0,0,0,28,150,1,86,2018-05-02,9 days,/work/CESBIO/projects/MAESTRIA/prosail_validation/validation_sites/T30TUM/SENTINEL2B_20180502-111526-843_L2A_T30TUM_D_V1-7_roi_0.tif,Gsec,2103,CEBADA,80.0,0.0,N,MA,,PC,D,R,0,VPG,esta espigando.  aún sin grano,339487.069566,4602406.50208,,,,3.656,0.77044143191,,0.0,0.0,,,,,,,,,
13,POINT (339493.9265878737 4602435.279929559),2018-04-05,0.059,0.0923,0.1015,0.2874,0.1651,0.2489,0.2722,0.284,0.2797,0.1914,0,0,0,0,52,157,1,79,2018-02-26,38 days,/work/CESBIO/projects/MAESTRIA/prosail_validation/validation_sites/T30TUM/SENTINEL2A_20180226-111426-613_L2A_T30TUM_C_V2-2_roi_0.tif,Greg,103,CEBADA,10.0,0.0,N,GU,,,,R,0,,,339493.926587,4602435.27981,,,,0.664,0.40190794966,,0.0,0.0,,,,,,,,,
14,POINT (339447.92914155574 4602438.922898359),2018-06-28,0.0631,0.0927,0.1299,0.2193,0.1558,0.1889,0.2149,0.2469,0.2663,0.1688,0,0,0,0,22,139,1,81,2018-06-26,2 days,/work/CESBIO/projects/MAESTRIA/prosail_validation/validation_sites/T30TUM/SENTINEL2A_20180626-111803-971_L2A_T30TUM_C_V2-2_roi_0.tif,Gsec,4103,CEBADA,70.0,0.0,-1,SE,,PC,D,-1,0,-1,,339447.92914,4602438.92278,,,,3.354,0.44218774293,,0.0,0.0,,,,,,,,,
15,POINT (339470.5194310886 4602449.566459832),2018-06-14,0.0347,0.0627,0.0421,0.4091,0.0977,0.2957,0.3875,0.4258,0.1627,0.0814,0,0,0,0,24,146,1,86,2018-05-22,23 days,/work/CESBIO/projects/MAESTRIA/prosail_validation/validation_sites/T30TUM/SENTINEL2B_20180522-111119-931_L2A_T30TUM_C_V2-2_roi_0.tif,Gsec,3103,CEBADA,85.0,0.0,N,MA,,CL,D,R,0,-1,,339470.51943,4602449.56634,,,,4.165,0.96767246525,,0.0,0.0,,,,,,,,,
16,POINT (343474.92910123424 4624957.476646975),2018-07-10,0.0518,0.0827,0.1274,0.2427,0.1646,0.193,0.221,0.2741,0.3172,0.2069,0,0,0,0,23,139,1,83,2018-07-06,4 days,/work/CESBIO/projects/MAESTRIA/prosail_validation/validation_sites/T30TUM/SENTINEL2A_20180706-110918-241_L2A_T30TUM_C_V2-2_roi_0.tif,MR,0,GUISANTES COSECHANDO,0.0,0.0,-1,-1,,-1,-1,-1,0,-1,cosechando a las 21:00,343474.9291,4624957.47653,,,,0.0,0.0,,0.0,0.0,,,,,,,,,
17,POINT (344137.805569116 4626485.962574578),2018-05-17,0.0387,0.0741,0.0584,0.4005,0.1292,0.3318,0.4047,0.4244,0.2202,0.1364,0,0,0,0,27,149,1,82,2018-05-07,10 days,/work/CESBIO/projects/MAESTRIA/prosail_validation/validation_sites/T30TUM/SENTINEL2A_20180507-110835-947_L2A_T30TUM_C_V2-2_roi_0.tif,MR,2108,CEBADA,60.0,0.0,N,FL,,CL,D,R,0,VPG,,344137.805568,4626485.96246,,,,1.718,0.68860002904,,0.0,0.0,,,,,,,,,
18,POINT (344053.6918911616 4626501.214277528),2018-05-17,0.0681,0.1132,0.1789,0.2657,0.2024,0.2417,0.266,0.2846,0.4128,0.3458,0,0,0,0,27,149,1,82,2018-05-07,10 days,/work/CESBIO/projects/MAESTRIA/prosail_validation/validation_sites/T30TUM/SENTINEL2A_20180507-110835-947_L2A_T30TUM_C_V2-2_roi_0.tif,MR,2107,GARBANZOS,17.0,15.0,B,GU,paralelo to the path,CL,D,R,0,VPG,,344053.69189,4626501.21416,,,,0.206,0.09343446901,,0.0,0.0,,,,,,,,,
19,POINT (344183.0641634532 4626504.306815265),2018-07-10,0.0488,0.0719,0.1063,0.1934,0.1349,0.1648,0.1849,0.2225,0.2626,0.1746,0,0,0,0,23,139,1,83,2018-07-06,4 days,/work/CESBIO/projects/MAESTRIA/prosail_validation/validation_sites/T30TUM/SENTINEL2A_20180706-110918-241_L2A_T30TUM_C_V2-2_roi_0.tif,MR,5108,CEBADA,65.0,0.0,N,SE,,CL,D,R,0,-1,hay un poco de verde aun,344183.064162,4626504.3067,,,,3.074,0.5813174692,,0.0,0.0,,,,,,,,,
20,POINT (345170.3324434828 4625893.686969861),2018-05-07,0.0712,0.113,0.1757,0.2573,0.2095,0.2321,0.2532,0.2753,0.4454,0.3752,0,0,0,0,30,151,1,81,2018-04-27,10 days,/work/CESBIO/projects/MAESTRIA/prosail_validation/validation_sites/T30TUM/SENTINEL2A_20180427-111527-232_L2A_T30TUM_C_V2-2_roi_0.tif,MR,120,GIRASOL,3.0,50.0,B,EM,,CL,D,R,0,VPG,solo hago dos medidas de LAI  por estad casi a cero,345170.332442,4625893.68685,,,,0.01,0.0,,0.0,0.0,,,,,,,,,
21,POINT (345220.97558310715 4625896.756450794),2018-05-17,0.075,0.1206,0.1906,0.2635,0.2186,0.2408,0.2603,0.2872,0.4584,0.3871,0,0,0,0,27,149,1,80,2018-05-07,10 days,/work/CESBIO/projects/MAESTRIA/prosail_validation/validation_sites/T30TUM/SENTINEL2A_20180507-110835-947_L2A_T30TUM_C_V2-2_roi_0.tif,MR,2120,GIRASOL,8.0,50.0,B,GU,paralel to the path,CL,D,R,0,VPG,,345220.975582,4625896.75633,,,,0.188,0.07463243263,,0.0,0.0,,,,,,,,,
22,POINT (345192.8317346532 4625905.170116199),2018-07-11,0.0404,0.0891,0.0475,0.4727,0.1417,0.4256,0.4735,0.4946,0.2396,0.1152,0,0,0,0,23,139,1,81,2018-07-06,5 days,/work/CESBIO/projects/MAESTRIA/prosail_validation/validation_sites/T30TUM/SENTINEL2A_20180706-110918-241_L2A_T30TUM_C_V2-2_roi_0.tif,MR,5120,GIRASOL,140.0,0.0,B,FL,,OV,D,R,0,VPG,,345192.831734,4625905.17,,,,2.254,0.495307985,,0.0,0.0,,,,,,,,,
23,POINT (345253.15974792733 4625906.142110924),2018-06-15,0.0825,0.1294,0.1914,0.3003,0.2214,0.2691,0.2898,0.3199,0.4745,0.4015,0,0,0,0,24,146,1,87,2018-05-22,24 days,/work/CESBIO/projects/MAESTRIA/prosail_validation/validation_sites/T30TUM/SENTINEL2B_20180522-111119-931_L2A_T30TUM_C_V2-2_roi_0.tif,MR,3120,GIRASOL,50.0,0.0,B,GU,,CL,D,R,0,VPG,,345253.159747,4625906.14199,,,,1.506,0.41186162725,,0.0,0.0,,,,,,,,,
24,POINT (345277.7677337848 4625912.054112499),2018-07-02,0.0535,0.1006,0.1033,0.3693,0.1751,0.3364,0.3662,0.3865,0.3237,0.2146,0,0,0,0,22,140,1,82,2018-06-16,16 days,/work/CESBIO/projects/MAESTRIA/prosail_validation/validation_sites/T30TUM/SENTINEL2A_20180616-111245-493_L2A_T30TUM_C_V2-2_roi_0.tif,MR,4120,GIRASOL,120.0,0.0,B,FL,,PC,D,R,0,VPG,botón floral máx 5 cm,345277.767733,4625912.054,,,,2.202,0.32429924453,,0.0,0.0,,,,,,,,,
25,POINT (344510.64766491135 4626016.200394903),2018-07-11,0.036,0.0841,0.0443,0.4833,0.1396,0.4335,0.483,0.503,0.2246,0.1044,0,0,0,0,23,139,1,82,2018-07-06,5 days,/work/CESBIO/projects/MAESTRIA/prosail_validation/validation_sites/T30TUM/SENTINEL2A_20180706-110918-241_L2A_T30TUM_C_V2-2_roi_0.tif,MR,144,GIRASOL,150.0,0.0,B,FL,,OV,D,R,0,VPG,,344510.647664,4626016.20028,,,,2.616,0.25928748524,,0.0,0.0,,,,,,,,,
26,POINT (345224.5604521605 4626171.558264485),2018-06-15,0.08,0.13,0.1765,0.3222,0.2145,0.2834,0.3128,0.3384,0.4104,0.3326,0,0,0,0,24,146,1,87,2018-05-22,24 days,/work/CESBIO/projects/MAESTRIA/prosail_validation/validation_sites/T30TUM/SENTINEL2B_20180522-111119-931_L2A_T30TUM_C_V2-2_roi_0.tif,MR,3119,REMOLACHA,35.0,0.0,B,GU,,CL,D,I,0,VPG,,345224.560451,4626171.55815,,,,1.604,0.99294007876,,0.0,0.0,,,,,,,,,
27,POINT (345257.86329882906 4626200.611039551),2018-07-11,0.0373,0.0713,0.0382,0.5028,0.1066,0.4074,0.5023,0.5218,0.1607,0.0754,0,0,0,0,23,139,1,81,2018-07-06,5 days,/work/CESBIO/projects/MAESTRIA/prosail_validation/validation_sites/T30TUM/SENTINEL2A_20180706-110918-241_L2A_T30TUM_C_V2-2_roi_0.tif,MR,5119,REMOLACHA,45.0,0.0,B,GU,,PC,D,I,0,VPG,,345257.863298,4626200.61092,,,,3.456,0.71248157871,,0.0,0.0,,,,,,,,,
28,POINT (345228.78843413485 4626204.657432743),2018-05-07,0.1041,0.1593,0.2377,0.3316,0.2633,0.2942,0.3179,0.3485,0.4958,0.425,0,0,0,0,30,151,1,81,2018-04-27,10 days,/work/CESBIO/projects/MAESTRIA/prosail_validation/validation_sites/T30TUM/SENTINEL2A_20180427-111527-232_L2A_T30TUM_C_V2-2_roi_0.tif,MR,119,REMOLACHA,4.0,0.0,B,EM,,CL,D,I,0,VPG,,345228.788433,4626204.65732,,,,0.04666666667,0.01154700538,,0.0,0.0,,,,,,,,,
29,POINT (345257.380709632 4626224.647950414),2018-07-02,0.0532,0.0949,0.0782,0.4578,0.165,0.38,0.439,0.4587,0.2552,0.1651,0,0,0,0,22,140,1,82,2018-06-16,16 days,/work/CESBIO/projects/MAESTRIA/prosail_validation/validation_sites/T30TUM/SENTINEL2A_20180616-111245-493_L2A_T30TUM_C_V2-2_roi_0.tif,MR,4119,REMOLACHA,45.0,0.0,B,GU,,PC,D,I,0,VPG,,345257.380709,4626224.64783,,,,1.968,0.53550910356,,0.0,0.0,,,,,,,,,
30,POINT (345241.65150701394 4626229.486826328),2018-07-11,0.0368,0.0697,0.0391,0.5149,0.1103,0.4139,0.5122,0.5321,0.1576,0.0728,0,0,0,0,23,139,1,81,2018-07-06,5 days,/work/CESBIO/projects/MAESTRIA/prosail_validation/validation_sites/T30TUM/SENTINEL2A_20180706-110918-241_L2A_T30TUM_C_V2-2_roi_0.tif,MR,143,REMOLACHA,45.0,0.0,B,GU,,PC,D,I,0,VPG,,345241.651506,4626229.48671,,,,2.724,1.32683081062,,0.0,0.0,,,,,,,,,
31,POINT (345234.044992807 4626243.902461903),2018-05-17,0.0974,0.1394,0.1934,0.2915,0.2219,0.2549,0.2749,0.3108,0.4393,0.3789,0,0,0,0,26,148,1,87,2018-05-12,5 days,/work/CESBIO/projects/MAESTRIA/prosail_validation/validation_sites/T30TUM/SENTINEL2B_20180512-111530-445_L2A_T30TUM_C_V2-2_roi_0.tif,MR,2119,REMOLACHA,6.0,50.0,B,GU,pivot,PC,D,I,0,VPG,With about 7-8 true leaves,345234.044992,4626243.90235,,,,0.098,0.06760177512,,0.0,0.0,,,,,,,,,
32,POINT (344614.39914060436 4626276.303401981),2018-07-10,0.0488,0.0928,0.0758,0.3872,0.1587,0.3121,0.3648,0.4061,0.1745,0.0939,0,0,0,0,23,139,1,82,2018-07-06,4 days,/work/CESBIO/projects/MAESTRIA/prosail_validation/validation_sites/T30TUM/SENTINEL2A_20180706-110918-241_L2A_T30TUM_C_V2-2_roi_0.tif,MR,136,ALPISTE,110.0,0.0,N,MA,,CL,D,R,0,,"Muchas zonas con cereal tumbado. LAI mixto, pero más marrón. Misma parcela que la 2110",344614.399139,4626276.30329,,,,3.876,0.21372880012,,0.0,0.0,,,,,,,,,
33,POINT (345280.40727117547 4626363.583162865),2018-06-15,0.089,0.1299,0.1708,0.2845,0.1988,0.2455,0.2678,0.2959,0.4382,0.3431,0,0,0,0,24,146,1,87,2018-05-22,24 days,/work/CESBIO/projects/MAESTRIA/prosail_validation/validation_sites/T30TUM/SENTINEL2B_20180522-111119-931_L2A_T30TUM_C_V2-2_roi_0.tif,MR,3118,GIRASOL,55.0,0.0,B,GU,,CL,D,R,0,VPG,,345280.40727,4626363.58305,,,,1.84,0.71035202541,,0.0,0.0,,,,,,,,,
34,POINT (345262.3177759696 4626367.697457529),2018-05-07,0.0834,0.1333,0.1957,0.2696,0.2165,0.2387,0.2589,0.2843,0.4423,0.3678,0,0,0,0,30,151,1,81,2018-04-27,10 days,/work/CESBIO/projects/MAESTRIA/prosail_validation/validation_sites/T30TUM/SENTINEL2A_20180427-111527-232_L2A_T30TUM_C_V2-2_roi_0.tif,MR,118,GIRASOL,3.0,50.0,B,EM,paralelo al camino,CL,D,R,0,-1,Se registra el ESU peor no se mide el LAI dado que se corresponde a 0. Apenas tiene los cotiledones,345262.317775,4626367.69734,,,,0.0,0.0,,0.0,0.0,,,,,,,,,
35,POINT (344613.6364471498 4626394.272705984),2018-07-10,0.0448,0.0836,0.0735,0.3305,0.1476,0.283,0.3278,0.368,0.1648,0.0904,0,0,0,0,23,139,1,82,2018-07-06,4 days,/work/CESBIO/projects/MAESTRIA/prosail_validation/validation_sites/T30TUM/SENTINEL2A_20180706-110918-241_L2A_T30TUM_C_V2-2_roi_0.tif,MR,2110,ALPISTE,110.0,0.0,N,MA,,CL,D,R,0,VPG,LAI mixto,344613.636446,4626394.27259,,,,3.836,1.47374692536,,0.0,0.0,,,,,,,,,
36,POINT (345274.2205777359 4626394.631799044),2018-05-17,0.0886,0.1243,0.176,0.2483,0.2001,0.22,0.239,0.2669,0.441,0.359,0,0,0,0,27,149,1,81,2018-05-07,10 days,/work/CESBIO/projects/MAESTRIA/prosail_validation/validation_sites/T30TUM/SENTINEL2A_20180507-110835-947_L2A_T30TUM_C_V2-2_roi_0.tif,MR,2118,GIRASOL,7.0,50.0,B,GU,paralel to the path,PC,D,R,0,VPG,,345274.220577,4626394.63168,,,,0.15,0.1166190379,,0.0,0.0,,,,,,,,,
37,POINT (345294.64137759944 4626409.354921933),2018-07-02,0.0521,0.0993,0.0892,0.3786,0.1666,0.3389,0.3715,0.3914,0.315,0.2006,0,0,0,0,22,140,1,82,2018-06-16,16 days,/work/CESBIO/projects/MAESTRIA/prosail_validation/validation_sites/T30TUM/SENTINEL2A_20180616-111245-493_L2A_T30TUM_C_V2-2_roi_0.tif,MR,4118,GIRASOL,130.0,0.0,B,FL,,PC,D,R,0,VPG,botón floral diámetro 6cm,345294.641376,4626409.35481,,,,3.474,0.20391174562,,0.0,0.0,,,,,,,,,
38,POINT (345277.8601605389 4626432.6301162075),2018-07-11,0.0423,0.0875,0.0555,0.4655,0.1367,0.4156,0.4675,0.4858,0.2426,0.1174,0,0,0,0,23,139,1,81,2018-07-06,5 days,/work/CESBIO/projects/MAESTRIA/prosail_validation/validation_sites/T30TUM/SENTINEL2A_20180706-110918-241_L2A_T30TUM_C_V2-2_roi_0.tif,MR,5118,GIRASOL,150.0,0.0,B,FL,,OV,D,R,0,VPG,,345277.860159,4626432.63,,,,4.424,0.53002830113,,0.0,0.0,,,,,,,,,
39,POINT (345304.0540164835 4626507.660236957),2018-07-11,0.039,0.0826,0.0463,0.4809,0.1349,0.421,0.4786,0.4937,0.2308,0.105,0,0,0,0,23,139,1,81,2018-07-06,5 days,/work/CESBIO/projects/MAESTRIA/prosail_validation/validation_sites/T30TUM/SENTINEL2A_20180706-110918-241_L2A_T30TUM_C_V2-2_roi_0.tif,MR,142,GIRASOL,150.0,0.0,B,FL,,PC,D,R,0,,LAI green. Misma parcela que el ESU 5118. Condiciones de cielo cambiante (PAR entre 1500-2000),345304.054015,4626507.66012,,,,3.278,0.7751580484,,0.0,0.0,,,,,,,,,
40,POINT (344153.77430436574 4626523.973431792),2018-05-07,0.0391,0.0776,0.0589,0.3795,0.1214,0.3142,0.3729,0.3995,0.2142,0.1186,0,0,0,0,30,151,1,82,2018-04-27,10 days,/work/CESBIO/projects/MAESTRIA/prosail_validation/validation_sites/T30TUM/SENTINEL2A_20180427-111527-232_L2A_T30TUM_C_V2-2_roi_0.tif,MR,108,CEBADA,40.0,10.0,N,GU,NS,CL,D,R,1,VPG,en la zona de secano hay mucho Bromo como mala hierba,344153.774303,4626523.97332,,,,2.064,0.62520396672,,0.0,0.0,,,,,,,,,
41,POINT (344049.674786464 4626541.880786588),2018-05-07,0.0655,0.1054,0.1668,0.2489,0.1894,0.2236,0.2421,0.2638,0.4077,0.3454,0,0,0,0,30,151,1,82,2018-04-27,10 days,/work/CESBIO/projects/MAESTRIA/prosail_validation/validation_sites/T30TUM/SENTINEL2A_20180427-111527-232_L2A_T30TUM_C_V2-2_roi_0.tif,MR,107,GARBANZOS,8.0,14.0,B,GU,N-S,CL,D,R,0,VPG,,344049.674785,4626541.88067,,,,0.126,0.07300684899,,0.0,0.0,,,,,,,,,
42,POINT (344083.739135387 4626551.941802884),2018-06-15,0.0745,0.1226,0.1744,0.3153,0.2093,0.2828,0.3055,0.3303,0.4199,0.3473,0,0,0,0,24,146,1,89,2018-05-22,24 days,/work/CESBIO/projects/MAESTRIA/prosail_validation/validation_sites/T30TUM/SENTINEL2B_20180522-111119-931_L2A_T30TUM_C_V2-2_roi_0.tif,MR,3107,GARBANZOS,40.0,0.0,B,-1,,CL,-1,R,0,VPG,,344083.739134,4626551.94169,,,,2.978,1.0274093634,,0.0,0.0,,,,,,,,,
43,POINT (344171.32942176296 4626558.086115739),2018-06-15,0.0391,0.0641,0.0535,0.3135,0.1035,0.247,0.3029,0.3349,0.1649,0.093,0,0,0,0,24,146,1,89,2018-05-22,24 days,/work/CESBIO/projects/MAESTRIA/prosail_validation/validation_sites/T30TUM/SENTINEL2B_20180522-111119-931_L2A_T30TUM_C_V2-2_roi_0.tif,MR,3108,CEBADA,60.0,0.0,-1,-1,,CL,D,-1,0,-1,cebada de 2 carreras,344171.329421,4626558.086,,,,2.66,0.34409301068,,0.0,0.0,,,,,,,,,
44,POINT (344067.0445998593 4626564.860136778),2018-07-02,0.0418,0.0806,0.0565,0.4821,0.1327,0.4322,0.4906,0.5244,0.223,0.1073,0,0,0,0,22,139,1,84,2018-06-26,6 days,/work/CESBIO/projects/MAESTRIA/prosail_validation/validation_sites/T30TUM/SENTINEL2A_20180626-111803-971_L2A_T30TUM_C_V2-2_roi_0.tif,MR,4107,GARBANZOS,50.0,0.0,-1,MA,,PC,-1,R,0,VPG,,344067.044599,4626564.86002,,,,2.734,0.46489783824,,0.0,0.0,,,,,,,,,
45,POINT (344090.7582068914 4626573.341601083),2018-07-10,0.0436,0.0784,0.0542,0.5513,0.1344,0.4298,0.5066,0.5311,0.2307,0.1184,0,0,0,0,23,139,1,83,2018-07-06,4 days,/work/CESBIO/projects/MAESTRIA/prosail_validation/validation_sites/T30TUM/SENTINEL2A_20180706-110918-241_L2A_T30TUM_C_V2-2_roi_0.tif,MR,5107,GARBANZOS,50.0,0.0,B,MA,,CL,D,R,0,VPG,,344090.758206,4626573.34148,,,,3.132,0.65074572607,,0.0,0.0,,,,,,,,,
46,POINT (344099.5626528305 4626647.253501864),2018-07-10,0.0507,0.0762,0.1113,0.1775,0.1327,0.1539,0.1713,0.2005,0.2272,0.1544,0,0,0,0,23,139,1,83,2018-07-06,4 days,/work/CESBIO/projects/MAESTRIA/prosail_validation/validation_sites/T30TUM/SENTINEL2A_20180706-110918-241_L2A_T30TUM_C_V2-2_roi_0.tif,MR,5109,TRIGO BLANDO,75.0,0.0,N,SE,,CL,D,R,0,VPG,en senescencia aunque aún tiene una hoja algo verde,344099.562652,4626647.25339,,,,2.816,0.46495161039,,0.0,0.0,,,,,,,,,
47,POINT (344135.57140455785 4626650.662003342),2018-05-17,0.0324,0.0572,0.0513,0.3094,0.0924,0.2435,0.3054,0.3309,0.1541,0.0913,0,0,0,0,27,149,1,82,2018-05-07,10 days,/work/CESBIO/projects/MAESTRIA/prosail_validation/validation_sites/T30TUM/SENTINEL2A_20180507-110835-947_L2A_T30TUM_C_V2-2_roi_0.tif,MR,2109,TRIGO BLANDO,65.0,0.0,N,MA,,PC,D,R,0,VPG,,344135.571403,4626650.66189,,,,2.046,0.47120059423,,0.0,0.0,,,,,,,,,
48,POINT (344084.97980851855 4626662.430173072),2018-06-15,0.0322,0.0501,0.0425,0.2946,0.0767,0.2081,0.2744,0.304,0.1403,0.0763,0,0,0,0,24,146,1,89,2018-05-22,24 days,/work/CESBIO/projects/MAESTRIA/prosail_validation/validation_sites/T30TUM/SENTINEL2B_20180522-111119-931_L2A_T30TUM_C_V2-2_roi_0.tif,MR,3109,TRIGO BLANDO,80.0,0.0,-1,MA,,CL,-1,R,0,VPG,aun verde,344084.979807,4626662.43006,,,,3.23,0.5751956189,,0.0,0.0,,,,,,,,,
49,POINT (344110.2054520942 4626663.545419978),2018-07-02,0.0425,0.0771,0.0856,0.2406,0.1351,0.1955,0.22,0.2538,0.1806,0.1105,0,0,0,0,22,139,1,83,2018-06-26,6 days,/work/CESBIO/projects/MAESTRIA/prosail_validation/validation_sites/T30TUM/SENTINEL2A_20180626-111803-971_L2A_T30TUM_C_V2-2_roi_0.tif,MR,4109,TRIGO BLANDO,80.0,0.0,N,SE,,PC,D,R,0,VPG,,344110.205451,4626663.5453,,,,1.542,0.29218145047,,0.0,0.0,,,,,,,,,
50,POINT (344107.7306988796 4626677.90511207),2018-05-07,0.026,0.0444,0.0331,0.3349,0.0729,0.2448,0.3209,0.3474,0.1366,0.0717,0,0,0,0,30,151,1,82,2018-04-27,10 days,/work/CESBIO/projects/MAESTRIA/prosail_validation/validation_sites/T30TUM/SENTINEL2A_20180427-111527-232_L2A_T30TUM_C_V2-2_roi_0.tif,MR,109,TRIGO BLANDO,50.0,15.0,N,GU,perpendicular to the road,CL,D,R,0,VPG,,344107.730698,4626677.905,,,,2.574,0.2859720266,,0.0,0.0,,,,,,,,,
51,POINT (344520.1344291932 4626517.629378693),2018-05-07,0.0327,0.0657,0.0422,0.3886,0.1101,0.3153,0.3823,0.3978,0.184,0.0952,0,0,0,0,30,151,1,82,2018-04-27,10 days,/work/CESBIO/projects/MAESTRIA/prosail_validation/validation_sites/T30TUM/SENTINEL2A_20180427-111527-232_L2A_T30TUM_C_V2-2_roi_0.tif,MR,110,ALPISTE,38.0,15.0,N,GU,,CL,D,I,0,-1,,344520.134428,4626517.62926,,,,2.854,0.28849610049,,0.0,0.0,,,,,,,,,
52,POINT (344193.83593668864 4626561.039410349),2018-07-02,0.0464,0.0757,0.1126,0.2369,0.148,0.1891,0.2174,0.2677,0.2279,0.1404,0,0,0,0,22,139,1,83,2018-06-26,6 days,/work/CESBIO/projects/MAESTRIA/prosail_validation/validation_sites/T30TUM/SENTINEL2A_20180626-111803-971_L2A_T30TUM_C_V2-2_roi_0.tif,MR,4108,CEBADA,55.0,0.0,N,SE,,PC,D,R,0,VPG,,344193.835936,4626561.03929,,,,1.896,0.34311805549,,0.0,0.0,,,,,,,,,
53,POINT (345092.1075395886 4626784.08947115),2018-07-10,0.0516,0.081,0.1121,0.2249,0.1457,0.1885,0.2111,0.2486,0.2329,0.1585,0,0,0,0,23,139,1,82,2018-07-06,4 days,/work/CESBIO/projects/MAESTRIA/prosail_validation/validation_sites/T30TUM/SENTINEL2A_20180706-110918-241_L2A_T30TUM_C_V2-2_roi_0.tif,MR,2111,COLZA,120.0,0.0,B,MA,,CL,D,R,0,VPG,LAI mixto. Las hojas  silicuas aún verdes,345092.107538,4626784.08935,,,,2.338,0.51644941669,,0.0,0.0,,,,,,,,,
54,POINT (345067.1067067641 4626801.016673324),2018-05-07,0.0483,0.1201,0.097,0.4371,0.1683,0.3717,0.4242,0.4371,0.172,0.0977,0,0,0,0,30,151,1,81,2018-04-27,10 days,/work/CESBIO/projects/MAESTRIA/prosail_validation/validation_sites/T30TUM/SENTINEL2A_20180427-111527-232_L2A_T30TUM_C_V2-2_roi_0.tif,MR,111,COLZA,150.0,25.0,B,FL,,CL,D,I,0,VPG,,345067.106706,4626801.01656,,,,2.126,0.541507156,,0.0,0.0,,,,,,,,,
55,POINT (345315.7407355702 4627123.769646727),2018-07-02,0.0512,0.0875,0.1205,0.2621,0.1632,0.2183,0.2459,0.2914,0.2421,0.1542,0,0,0,0,22,139,1,82,2018-06-26,6 days,/work/CESBIO/projects/MAESTRIA/prosail_validation/validation_sites/T30TUM/SENTINEL2A_20180626-111803-971_L2A_T30TUM_C_V2-2_roi_0.tif,MR,4113,CEBADA,65.0,0.0,N,SE,,PC,D,R,0,VPG,,345315.740734,4627123.76953,,,,2.286,0.28780201528,,0.0,0.0,,,,,,,,,
56,POINT (345192.99622933625 4627135.232521021),2018-07-10,0.0494,0.0807,0.1137,0.2432,0.1493,0.2052,0.2316,0.2679,0.2735,0.1959,0,0,0,0,23,139,1,82,2018-07-06,4 days,/work/CESBIO/projects/MAESTRIA/prosail_validation/validation_sites/T30TUM/SENTINEL2A_20180706-110918-241_L2A_T30TUM_C_V2-2_roi_0.tif,MR,2112,CAMELINA,80.0,0.0,N,SE,,CL,D,R,0,VPG,camelina. LAI mixto por las malas hierbas. LA CAMELINA ESTÁ SENESCENTE,345192.996228,4627135.2324,,,,3.534,0.35075632567,,0.0,0.0,,,,,,,,,
57,POINT (345141.5334553155 4627140.235120462),2018-05-07,0.0597,0.1136,0.1411,0.3313,0.1998,0.2959,0.3204,0.3436,0.3459,0.2647,0,0,0,0,30,151,1,81,2018-04-27,10 days,/work/CESBIO/projects/MAESTRIA/prosail_validation/validation_sites/T30TUM/SENTINEL2A_20180427-111527-232_L2A_T30TUM_C_V2-2_roi_0.tif,MR,112,CAMELINA,80.0,25.0,B,-1,paralelo to the way,CL,-1,-1,0,-1,CAMELINA tiene muchas calvas y corros. LAI muy variado,345141.533454,4627140.235,,,,2.222,1.11542368632,,0.0,0.0,,,,,,,,,
58,POINT (345321.281681621 4627155.642760949),2018-05-07,0.0481,0.0901,0.0743,0.3894,0.1425,0.3251,0.3817,0.4041,0.2481,0.1479,0,0,0,0,30,151,1,81,2018-04-27,10 days,/work/CESBIO/projects/MAESTRIA/prosail_validation/validation_sites/T30TUM/SENTINEL2A_20180427-111527-232_L2A_T30TUM_C_V2-2_roi_0.tif,MR,113,CEBADA,50.0,12.0,N,GU,paralelo al camino de la camelina,CL,D,R,0,VPG,,345321.28168,4627155.64264,,,,1.81,0.46631534395,,0.0,0.0,,,,,,,,,
59,POINT (345296.4756241795 4627179.064489016),2018-07-10,0.0483,0.0759,0.1032,0.2149,0.1377,0.1737,0.1985,0.2402,0.2527,0.1651,0,0,0,0,23,139,1,81,2018-07-06,4 days,/work/CESBIO/projects/MAESTRIA/prosail_validation/validation_sites/T30TUM/SENTINEL2A_20180706-110918-241_L2A_T30TUM_C_V2-2_roi_0.tif,MR,5113,CEBADA,60.0,0.0,N,SE,,CL,D,R,0,VPG,,345296.475623,4627179.06437,,,,2.908,0.22487774456,,0.0,0.0,,,,,,,,,
60,POINT (344347.56429061707 4627593.729399556),2018-07-11,0.0431,0.074,0.0975,0.235,0.1413,0.2034,0.2283,0.2571,0.2581,0.1762,0,0,0,0,23,139,1,83,2018-07-06,5 days,/work/CESBIO/projects/MAESTRIA/prosail_validation/validation_sites/T30TUM/SENTINEL2A_20180706-110918-241_L2A_T30TUM_C_V2-2_roi_0.tif,MR,140,ALPISTE,70.0,20.0,N,SE,Parallel to the way,OV,D,R,0,NP,un poco mixto,344347.564289,4627593.72928,,,,1.034,0.18942016788,,0.0,0.0,,,,,,,,,
61,POINT (344384.53595813585 4627621.084068401),2018-07-11,0.0454,0.0756,0.1001,0.2292,0.1424,0.1996,0.2226,0.2508,0.267,0.1836,0,0,0,0,23,139,1,83,2018-07-06,5 days,/work/CESBIO/projects/MAESTRIA/prosail_validation/validation_sites/T30TUM/SENTINEL2A_20180706-110918-241_L2A_T30TUM_C_V2-2_roi_0.tif,MR,141,ALPISTE,70.0,20.0,N,SE,Parallel to the way,OV,D,R,0,NP,Un poco verde,344384.535957,4627621.08395,,,,1.406,0.24172298194,,0.0,0.0,,,,,,,,,
62,POINT (347342.0146933309 4605237.113360205),2018-06-28,0.0394,0.0762,0.0552,0.4745,0.1216,0.3614,0.4544,0.511,0.2035,0.094,0,0,0,0,22,139,0,59,2018-06-26,2 days,/work/CESBIO/projects/MAESTRIA/prosail_validation/validation_sites/T30TUM/SENTINEL2A_20180626-111803-971_L2A_T30TUM_C_V2-2_roi_0.tif,Greg,4101,LENTEJAS,60.0,0.0,B,MA,,OV,D,R,0,VPG,Full of weeds. Ya tiene la semilla de las lentejas gordita,347342.014692,4605237.11324,,,,4.062,1.00235722175,,0.0,0.0,,,,,,,,,
63,POINT (347363.05586213834 4605262.7406826),2018-06-14,0.0383,0.064,0.0421,0.4462,0.0873,0.3425,0.4416,0.4696,0.179,0.0821,0,0,0,0,24,146,0,69,2018-05-22,23 days,/work/CESBIO/projects/MAESTRIA/prosail_validation/validation_sites/T30TUM/SENTINEL2B_20180522-111119-931_L2A_T30TUM_C_V2-2_roi_0.tif,Greg,3101,LENTEJAS,50.0,0.0,B,-1,,PC,-1,R,0,VPG,a lot of weeds,347363.055861,4605262.74057,,,,5.912,0.33176799122,,0.0,0.0,,,,,,,,,
64,POINT (347380.8759697117 4605277.626380054),2018-05-11,0.0714,0.127,0.1143,0.376,0.1848,0.3377,0.365,0.3876,0.312,0.2073,0,0,0,0,30,151,0,55,2018-04-27,14 days,/work/CESBIO/projects/MAESTRIA/prosail_validation/validation_sites/T30TUM/SENTINEL2A_20180427-111527-232_L2A_T30TUM_C_V2-2_roi_0.tif,Greg,2101,LENTEJAS,24.0,20.0,B,GU,,PC,D,R,0,VPG,el mismo ESU q 101. se conduce mesures in this campaign,347380.875969,4605277.62626,,,,2.256,0.35920746095,,0.0,0.0,,,,,,,,,
65,POINT (347397.86280344694 4605298.1591991875),2018-04-05,0.0843,0.1214,0.1593,0.208,0.1749,0.1881,0.2002,0.213,0.3329,0.2867,0,0,0,0,52,157,0,55,2018-02-26,38 days,/work/CESBIO/projects/MAESTRIA/prosail_validation/validation_sites/T30TUM/SENTINEL2A_20180226-111426-613_L2A_T30TUM_C_V2-2_roi_0.tif,Greg,101,LENTEJAS,3.0,18.0,B,EM,E-W,CL,S,R,1,VPG,el punto A es el mismo que en la campaña anterior. fotos del W17 se SSM,347397.862802,4605298.15908,,,,0.172,0.09576011696,,0.0,0.0,,,,,,,,,
66,POINT (357954.37875640846 4618225.985951681),2018-07-10,0.0476,0.0783,0.1002,0.2101,0.1232,0.191,0.2143,0.2262,0.1872,0.1195,0,0,0,0,23,140,0,212,2018-07-06,4 days,/work/CESBIO/projects/MAESTRIA/prosail_validation/validation_sites/T30TUM/SENTINEL2A_20180706-110918-241_L2A_T30TUM_C_V2-2_roi_0.tif,ITA,125,PATATA,35.0,70.0,B,FL,parallel to the way,CL,S,I,0,VPG,,357954.378755,4618225.98584,,,,0.36,0.17621010187,,0.0,0.0,,,,,,,,,
67,POINT (358061.9362637116 4618282.32512029),2018-07-10,0.0545,0.0938,0.1214,0.2551,0.1514,0.2288,0.2531,0.2646,0.2144,0.1345,0,0,0,0,23,140,0,212,2018-07-06,4 days,/work/CESBIO/projects/MAESTRIA/prosail_validation/validation_sites/T30TUM/SENTINEL2A_20180706-110918-241_L2A_T30TUM_C_V2-2_roi_0.tif,ITA,126,PATATA,35.0,70.0,B,FL,parallel to the way,CL,S,I,0,VPG,hay un cerco pelado cerca,358061.936263,4618282.325,,,,0.464,0.24058262614,,0.0,0.0,,,,,,,,,
68,POINT (356304.7496882689 4618300.4516613195),2018-07-10,0.0626,0.1048,0.1314,0.2885,0.1707,0.2449,0.2813,0.325,0.2307,0.1529,0,0,0,0,23,139,0,26,2018-07-06,4 days,/work/CESBIO/projects/MAESTRIA/prosail_validation/validation_sites/T30TUM/SENTINEL2A_20180706-110918-241_L2A_T30TUM_C_V2-2_roi_0.tif,ITA,134,CEBADA,70.0,10.0,N,SE,Parallel to the way,CL,D,R,0,NP,,356304.749687,4618300.45155,,,,3.572,0.66167968081,,0.0,0.0,,,,,,,,,
69,POINT (358213.07677279995 4618304.439719851),2018-07-10,0.0607,0.0881,0.1197,0.2283,0.1466,0.1864,0.2089,0.2484,0.2504,0.1649,0,0,0,0,23,140,0,213,2018-07-06,4 days,/work/CESBIO/projects/MAESTRIA/prosail_validation/validation_sites/T30TUM/SENTINEL2A_20180706-110918-241_L2A_T30TUM_C_V2-2_roi_0.tif,ITA,127,MEZCLA AVENA-TRIGO,125.065,0.0,N,SE,,CL,D,-1,0,-1,sembrado trigo y avena loca. altura de los dos,358213.076772,4618304.4396,,,,1.78,0.39223717315,,0.0,0.0,,,,,,,,,
70,POINT (358281.8729802192 4618417.485120377),2018-07-10,0.0547,0.0804,0.1109,0.2196,0.142,0.1839,0.2073,0.2464,0.245,0.171,0,0,0,0,23,140,0,213,2018-07-06,4 days,/work/CESBIO/projects/MAESTRIA/prosail_validation/validation_sites/T30TUM/SENTINEL2A_20180706-110918-241_L2A_T30TUM_C_V2-2_roi_0.tif,ITA,128,MEZCLA AVENA-TRIGO,0.0,0.0,N,SE,,CL,D,R,0,-1,trigo con mucha avena loca,358281.872979,4618417.485,,,,2.006,0.58947434211,,0.0,0.0,,,,,,,,,
71,POINT (356247.6463393164 4618482.430880356),2018-07-10,0.0596,0.0933,0.1218,0.274,0.1563,0.222,0.2512,0.297,0.2183,0.1401,0,0,0,0,23,139,0,26,2018-07-06,4 days,/work/CESBIO/projects/MAESTRIA/prosail_validation/validation_sites/T30TUM/SENTINEL2A_20180706-110918-241_L2A_T30TUM_C_V2-2_roi_0.tif,ITA,135,CEBADA,75.0,10.0,N,SE,Parallel of the way,CL,D,R,0,NP,,356247.646338,4618482.43076,,,,3.868,0.29811071769,,0.0,0.0,,,,,,,,,
72,POINT (345499.01188371074 4603220.174347212),2018-04-05,0.0663,0.1024,0.1372,0.234,0.17,0.2058,0.2219,0.2404,0.3075,0.2514,0,0,0,0,52,157,0,62,2018-02-26,38 days,/work/CESBIO/projects/MAESTRIA/prosail_validation/validation_sites/T30TUM/SENTINEL2A_20180226-111426-613_L2A_T30TUM_C_V2-2_roi_0.tif,Greg,102,RAYGRAS,20.0,35.0,N,GU,perpendicular al camino,CL,D,R,0,VPG,mezcla de gramíneas con leguminosas.  hay tb alfalfa y malas hierbas. las gramineas pueden ser avena y lolium q parece q esta en hileras sembrado. este lolium puede ser araygras y es el q predomina. fotos en W18A de SSM,345499.011883,4603220.17423,,,,0.348,0.09176055798,,0.0,0.0,,,,,,,,,
73,POINT (345471.83686850674 4603233.7701159455),2018-05-11,0.0203,0.0583,0.0176,0.4972,0.0943,0.3772,0.4813,0.502,0.1503,0.0811,0,0,0,0,28,150,0,72,2018-05-02,9 days,/work/CESBIO/projects/MAESTRIA/prosail_validation/validation_sites/T30TUM/SENTINEL2B_20180502-111526-843_L2A_T30TUM_D_V1-7_roi_0.tif,Greg,2102,RAYGRAS,20.0,0.0,N,GU,,PC,-1,R,0,VPG,lo han segado. merece la pena seguir mi siendo el lai aquí?,345471.836867,4603233.77,,,,1.11,1.7818669984,,0.0,0.0,,,,,,,,,
74,POINT (345494.9532219239 4603256.5668337615),2018-06-14,0.0579,0.0915,0.0974,0.3477,0.1492,0.2867,0.3364,0.3742,0.2883,0.1756,0,0,0,0,24,146,0,74,2018-05-22,23 days,/work/CESBIO/projects/MAESTRIA/prosail_validation/validation_sites/T30TUM/SENTINEL2B_20180522-111119-931_L2A_T30TUM_C_V2-2_roi_0.tif,Greg,3102,RAYGRAS,95.0,0.0,N,MA,,PC,D,R,0,VPG,está  muy homogeneo,345494.953221,4603256.56672,,,,2.792,0.6310071315,,0.0,0.0,,,,,,,,,
75,POINT (345513.30334445095 4603281.391645707),2018-06-28,0.0841,0.1281,0.1268,0.3879,0.2002,0.3125,0.3577,0.4117,0.3511,0.2316,0,0,0,0,22,140,0,67,2018-06-16,12 days,/work/CESBIO/projects/MAESTRIA/prosail_validation/validation_sites/T30TUM/SENTINEL2A_20180616-111245-493_L2A_T30TUM_C_V2-2_roi_0.tif,Greg,4102,RAYGRAS,20.0,0.0,-1,GU,,PC,D,R,0,VPG,segado no hace mucho. Se ha empacado toda la siega. amontonadas en 2 torres. es como medir sobre un césped,345513.303343,4603281.39153,,,,0.73,0.20615528128,,0.0,0.0,,,,,,,,,
76,POINT (346205.799132853 4604256.862271804),2018-06-14,0.0625,0.0936,0.1112,0.1959,0.1328,0.167,0.1801,0.1957,0.2209,0.1378,0,0,0,0,24,146,0,73,2018-05-22,23 days,/work/CESBIO/projects/MAESTRIA/prosail_validation/validation_sites/T30TUM/SENTINEL2B_20180522-111119-931_L2A_T30TUM_C_V2-2_roi_0.tif,Greg,2121,MAIZ,70.0,70.0,B,GU,,PC,D,I,0,VPG,regadio de cobertura,346205.799132,4604256.86216,,,,1.054,0.3762047315,,0.0,0.0,,,,,,,,,
77,POINT (346228.86868702184 4604258.068107266),2018-06-28,0.0524,0.0832,0.0768,0.3658,0.1201,0.2917,0.364,0.3841,0.2373,0.1381,0,0,0,0,22,139,0,64,2018-06-26,2 days,/work/CESBIO/projects/MAESTRIA/prosail_validation/validation_sites/T30TUM/SENTINEL2A_20180626-111803-971_L2A_T30TUM_C_V2-2_roi_0.tif,Greg,3121,MAIZ,110.0,0.0,-1,-1,,OV,D,I,0,-1,,346228.868686,4604258.06799,,,,2.112,0.59604530029,,0.0,0.0,,,,,,,,,
78,POINT (346214.42650959815 4604261.329642497),2018-05-11,0.0986,0.135,0.1724,0.2159,0.1872,0.2016,0.2136,0.2257,0.3006,0.2339,0,0,0,0,33,153,0,60,2018-04-17,24 days,/work/CESBIO/projects/MAESTRIA/prosail_validation/validation_sites/T30TUM/SENTINEL2A_20180417-110822-655_L2A_T30TUM_C_V2-2_roi_0.tif,Greg,121,MAIZ,6.0,70.0,B,EM,perpendicular to the path,PC,S,I,1,VPG,"asegurarse que es maiz. esta muy húmedo,  regado. solo hago 3 medidas xq es casi 0",346214.426508,4604261.32953,,,,0.0125,0.01892969449,,0.0,0.0,,,,,,,,,
79,POINT (345360.7838588333 4626318.568797745),2018-07-11,0.0665,0.1115,0.1111,0.411,0.1807,0.3523,0.3931,0.4303,0.3175,0.1977,0,0,0,0,23,139,1,81,2018-07-06,5 days,/work/CESBIO/projects/MAESTRIA/prosail_validation/validation_sites/T30TUM/SENTINEL2A_20180706-110918-241_L2A_T30TUM_C_V2-2_roi_0.tif,MR,5117,GARBANZOS,40.0,0.0,B,MA,,OV,D,R,0,VPG,Garbanzo con cercos secos,345360.783858,4626318.56868,,,,1.786,0.88505932005,,0.0,0.0,,,,,,,,,
80,POINT (345344.51574012486 4626352.6121998625),2018-06-15,0.084,0.1329,0.1748,0.3066,0.2161,0.2763,0.2998,0.3274,0.4326,0.355,0,0,0,0,24,146,1,87,2018-05-22,24 days,/work/CESBIO/projects/MAESTRIA/prosail_validation/validation_sites/T30TUM/SENTINEL2B_20180522-111119-931_L2A_T30TUM_C_V2-2_roi_0.tif,MR,3117,GARBANZOS,30.0,0.0,B,FL,,CL,D,R,0,VPG,parcela afectada por la rabia del garbanzo. Por eso hay muchos cercos secos,345344.515739,4626352.61208,,,,1.68,0.438178046,,0.0,0.0,,,,,,,,,
81,POINT (345352.41871949425 4626384.106187406),2018-05-17,0.0839,0.1342,0.1925,0.274,0.2156,0.2514,0.2706,0.2921,0.4372,0.3722,0,0,0,0,27,149,1,80,2018-05-07,10 days,/work/CESBIO/projects/MAESTRIA/prosail_validation/validation_sites/T30TUM/SENTINEL2A_20180507-110835-947_L2A_T30TUM_C_V2-2_roi_0.tif,MR,2117,GARBANZOS,15.0,15.0,B,GU,paralel to the path,PC,D,R,0,VPG,,345352.418718,4626384.10607,,,,0.144,0.09555103348,,0.0,0.0,,,,,,,,,
82,POINT (356885.35629684 4618545.506922261),2018-07-10,0.0854,0.1196,0.145,0.325,0.1945,0.2788,0.3104,0.3394,0.2925,0.2073,0,0,0,0,23,139,0,207,2018-07-06,4 days,/work/CESBIO/projects/MAESTRIA/prosail_validation/validation_sites/T30TUM/SENTINEL2A_20180706-110918-241_L2A_T30TUM_C_V2-2_roi_0.tif,ITA,133,CENTENO,100.0,20.0,N,SE,Paralel to the way,CL,D,R,0,NP,"Está en mal estado, muchos claros",356885.356296,4618545.50681,,,,0.852,0.60396191933,,0.0,0.0,,,,,,,,,
83,POINT (358310.8479694321 4618643.668225626),2018-07-10,0.0593,0.0901,0.1215,0.2422,0.1453,0.1893,0.2208,0.2634,0.1985,0.1161,0,0,0,0,23,140,0,213,2018-07-06,4 days,/work/CESBIO/projects/MAESTRIA/prosail_validation/validation_sites/T30TUM/SENTINEL2A_20180706-110918-241_L2A_T30TUM_C_V2-2_roi_0.tif,ITA,129,TRIGO BLANDO,90.0,10.0,N,SE,parallel to the way,CL,D,R,0,VPG,,358310.847968,4618643.66811,,,,2.732,0.32797865784,,0.0,0.0,,,,,,,,,
84,POINT (358326.53643383813 4618710.247862896),2018-07-10,0.0623,0.0895,0.1266,0.2366,0.1586,0.1991,0.227,0.273,0.2039,0.1226,0,0,0,0,23,140,0,213,2018-07-06,4 days,/work/CESBIO/projects/MAESTRIA/prosail_validation/validation_sites/T30TUM/SENTINEL2A_20180706-110918-241_L2A_T30TUM_C_V2-2_roi_0.tif,ITA,130,TRIGO BLANDO,90.0,10.0,N,SE,,CL,D,R,0,VPG,,358326.536433,4618710.24775,,,,3.126,0.24744696402,,0.0,0.0,,,,,,,,,
85,POINT (357211.36500724126 4618838.092488514),2018-07-10,0.0813,0.1249,0.1582,0.3159,0.1991,0.2696,0.2974,0.3315,0.2886,0.2041,0,0,0,0,23,140,0,209,2018-07-06,4 days,/work/CESBIO/projects/MAESTRIA/prosail_validation/validation_sites/T30TUM/SENTINEL2A_20180706-110918-241_L2A_T30TUM_C_V2-2_roi_0.tif,ITA,132,CEBADA,50.0,12.0,N,SE,Paralel to the way,CL,D,R,0,NP,,357211.365006,4618838.09237,,,,1.164,0.28605943438,,0.0,0.0,,,,,,,,,
86,POINT (358511.893410122 4618871.610880118),2018-07-10,0.0623,0.0859,0.1243,0.2336,0.1559,0.1962,0.2199,0.2655,0.2052,0.1365,0,0,0,0,23,140,0,213,2018-07-06,4 days,/work/CESBIO/projects/MAESTRIA/prosail_validation/validation_sites/T30TUM/SENTINEL2A_20180706-110918-241_L2A_T30TUM_C_V2-2_roi_0.tif,ITA,131,AVENA,95.0,0.0,N,SE,,CL,D,I,0,VPG,hay un poco verde pero la mayoria senescente,358511.893409,4618871.61076,,,,2.61,0.46968074263,,0.0,0.0,,,,,,,,,
87,POINT (351403.3926777813 4624303.030116184),2018-07-11,0.0585,0.0888,0.1289,0.2059,0.154,0.1767,0.1956,0.2243,0.3184,0.2362,0,0,0,0,23,139,0,63,2018-07-06,5 days,/work/CESBIO/projects/MAESTRIA/prosail_validation/validation_sites/T30TUM/SENTINEL2A_20180706-110918-241_L2A_T30TUM_C_V2-2_roi_0.tif,Otro,151,TRIGO BLANDO,65.0,12.0,N,SE,Parallel to the way,PC,D,R,0,NP,,351403.392677,4624303.03,,,,1.468,0.35751923025,,0.0,0.0,,,,,,,,,
88,POINT (351387.6940700384 4624321.748044322),2018-07-11,0.0561,0.0924,0.1285,0.2099,0.1731,0.201,0.2322,0.2553,0.3165,0.2353,0,0,0,0,23,139,0,63,2018-07-06,5 days,/work/CESBIO/projects/MAESTRIA/prosail_validation/validation_sites/T30TUM/SENTINEL2A_20180706-110918-241_L2A_T30TUM_C_V2-2_roi_0.tif,Otro,2124,TRIGO BLANDO,65.0,12.0,N,SE,Parallel to the way,PC,D,R,0,NP,,351387.694069,4624321.74793,,,,1.764,0.1943707797,,0.0,0.0,,,,,,,,,
89,POINT (351408.16847093345 4624326.267249973),2018-06-28,0.0646,0.1105,0.1441,0.2638,0.179,0.23,0.2554,0.2845,0.2918,0.2077,0,0,0,0,22,139,0,65,2018-06-26,2 days,/work/CESBIO/projects/MAESTRIA/prosail_validation/validation_sites/T30TUM/SENTINEL2A_20180626-111803-971_L2A_T30TUM_C_V2-2_roi_0.tif,Otro,124,TRIGO BLANDO,0.0,12.0,N,SE,parallel to the way,PC,D,R,0,VPG,las medias D y El está  más verde el trigo y x lo tanto más espeso,351408.16847,4624326.26713,,,,1.404,0.55292856682,,0.0,0.0,,,,,,,,,
90,POINT (351376.7242108715 4624369.620306069),2018-05-17,0.0654,0.1096,0.1217,0.3544,0.1849,0.3164,0.3504,0.3756,0.3177,0.2326,0,0,0,0,27,150,0,62,2018-05-07,10 days,/work/CESBIO/projects/MAESTRIA/prosail_validation/validation_sites/T30TUM/SENTINEL2A_20180507-110835-947_L2A_T30TUM_C_V2-2_roi_0.tif,Otro,123,GUISANTES,32.0,0.0,B,FL,,PC,D,R,0,VPG,,351376.72421,4624369.62019,,,,2.208,0.88123209202,,0.0,0.0,,,,,,,,,
91,POINT (351387.7824235369 4624379.725904998),2018-06-28,0.0682,0.1278,0.1234,0.3775,0.2179,0.3126,0.3439,0.4025,0.2673,0.1614,0,0,0,0,22,139,0,65,2018-06-26,2 days,/work/CESBIO/projects/MAESTRIA/prosail_validation/validation_sites/T30TUM/SENTINEL2A_20180626-111803-971_L2A_T30TUM_C_V2-2_roi_0.tif,Otro,3123,GUISANTES,0.0,0.0,-1,SE,,PC,D,R,0,VPG,casi seco,351387.782422,4624379.72579,,,,2.506,0.84978232507,,0.0,0.0,,,,,,,,,
92,POINT (351401.6698992969 4624386.43680833),2018-06-14,0.0599,0.0981,0.0818,0.3949,0.1406,0.3299,0.3867,0.4114,0.206,0.1217,0,0,0,0,24,146,0,74,2018-05-22,23 days,/work/CESBIO/projects/MAESTRIA/prosail_validation/validation_sites/T30TUM/SENTINEL2B_20180522-111119-931_L2A_T30TUM_C_V2-2_roi_0.tif,MR,2123,GUISANTES,65.0,0.0,B,MA,,PC,D,R,0,-1,parecen dañados x granizo,351401.669898,4624386.43669,,,,3.656,1.66106291272,,0.0,0.0,,,,,,,,,
93,POINT (351372.04869233066 4624398.250001307),2018-07-11,0.0571,0.0928,0.1354,0.2483,0.165,0.2026,0.2313,0.2763,0.3429,0.2369,0,0,0,0,23,139,0,64,2018-07-06,5 days,/work/CESBIO/projects/MAESTRIA/prosail_validation/validation_sites/T30TUM/SENTINEL2A_20180706-110918-241_L2A_T30TUM_C_V2-2_roi_0.tif,Otro,4123,GUISANTES,30.0,0.0,N,SE,Perpendicular,PC,S,R,0,NP,Plantas muy tumbadas,351372.048691,4624398.24989,,,,1.718,0.72181715136,,0.0,0.0,,,,,,,,,
94,POINT (347095.255168831 4627491.170116216),2018-07-11,0.0417,0.0765,0.0416,0.5341,0.1176,0.4605,0.5395,0.5633,0.2197,0.0917,0,0,0,0,23,139,1,79,2018-07-06,5 days,/work/CESBIO/projects/MAESTRIA/prosail_validation/validation_sites/T30TUM/SENTINEL2A_20180706-110918-241_L2A_T30TUM_C_V2-2_roi_0.tif,MR,150,GIRASOL,150.0,40.0,B,FL,Perpendicular,PC,D,I,0,NP,,347095.255168,4627491.17,,,,2.512,0.29346209295,,0.0,0.0,,,,,,,,,
95,POINT (347049.6050883936 4627603.451738498),2018-07-11,0.042,0.0641,0.0957,0.1872,0.1229,0.1497,0.1722,0.2049,0.2257,0.1538,0,0,0,0,23,139,1,79,2018-07-06,5 days,/work/CESBIO/projects/MAESTRIA/prosail_validation/validation_sites/T30TUM/SENTINEL2A_20180706-110918-241_L2A_T30TUM_C_V2-2_roi_0.tif,MR,148,TRIGO BLANDO,50.0,20.0,N,SE,,PC,D,R,0,NP,,347049.605087,4627603.45162,,,,3.066,0.99472609295,,0.0,0.0,,,,,,,,,
96,POINT (347144.52779524855 4627620.915112225),2018-07-11,0.0432,0.0602,0.0921,0.169,0.115,0.1428,0.1623,0.1888,0.2168,0.157,0,0,0,0,23,139,1,78,2018-07-06,5 days,/work/CESBIO/projects/MAESTRIA/prosail_validation/validation_sites/T30TUM/SENTINEL2A_20180706-110918-241_L2A_T30TUM_C_V2-2_roi_0.tif,MR,149,TRIGO BLANDO,50.0,20.0,N,SE,Parallel to the way,PC,D,R,0,NP,,347144.527794,4627620.915,,,,3.086,0.28693204771,,0.0,0.0,,,,,,,,,
97,POINT (346935.6787655711 4627942.653033144),2018-07-11,0.0487,0.0846,0.0647,0.3115,0.1408,0.2638,0.2949,0.3271,0.2166,0.13,0,0,0,0,23,139,1,79,2018-07-06,5 days,/work/CESBIO/projects/MAESTRIA/prosail_validation/validation_sites/T30TUM/SENTINEL2A_20180706-110918-241_L2A_T30TUM_C_V2-2_roi_0.tif,MR,146,ADORMIDERA,125.0,0.0,B,MA,,PC,-1,I,0,NP,,346935.678764,4627942.65292,,,,2.794,0.58760530971,,0.0,0.0,,,,,,,,,
98,POINT (346895.6498945779 4628001.075310346),2018-06-28,0.0605,0.1266,0.0988,0.4293,0.2261,0.3792,0.4182,0.4521,0.2276,0.1291,0,0,0,0,22,139,1,80,2018-06-26,2 days,/work/CESBIO/projects/MAESTRIA/prosail_validation/validation_sites/T30TUM/SENTINEL2A_20180626-111803-971_L2A_T30TUM_C_V2-2_roi_0.tif,MR,3122,GUISANTES,0.0,0.0,B,SE,,PC,D,R,0,VPG,,346895.649893,4628001.07519,,,,1.394,0.34925635284,,0.0,0.0,,,,,,,,,
99,POINT (346902.6721821738 4628016.559212959),2018-06-14,0.0646,0.1134,0.1382,0.4098,0.1978,0.3646,0.406,0.4269,0.3304,0.2367,0,0,0,0,25,147,1,79,2018-05-17,28 days,/work/CESBIO/projects/MAESTRIA/prosail_validation/validation_sites/T30TUM/SENTINEL2A_20180517-111020-570_L2A_T30TUM_C_V2-2_roi_0.tif,MR,2122,GUISANTES,65.0,0.0,B,MA,,CL,D,R,0,VPG,,346902.672181,4628016.5591,,,,1.982,0.54833383992,,0.0,0.0,,,,,,,,,
100,POINT (346901.5431806038 4628039.383024752),2018-05-17,0.0697,0.1278,0.1762,0.3631,0.228,0.3311,0.3624,0.3788,0.3816,0.2967,0,0,0,0,27,150,0,79,2018-05-07,10 days,/work/CESBIO/projects/MAESTRIA/prosail_validation/validation_sites/T30TUM/SENTINEL2A_20180507-110835-947_L2A_T30TUM_C_V2-2_roi_0.tif,MR,122,GUISANTES,25.0,15.0,B,GU,perpendicular to the path,PC,D,R,0,VPG,,346901.543179,4628039.38291,,,,0.758,0.23317375496,,0.0,0.0,,,,,,,,,
101,POINT (345358.63929191977 4626401.10933214),2018-07-02,0.075,0.1259,0.146,0.3479,0.2025,0.3029,0.3309,0.3552,0.3827,0.2953,0,0,0,0,22,140,1,82,2018-06-16,16 days,/work/CESBIO/projects/MAESTRIA/prosail_validation/validation_sites/T30TUM/SENTINEL2A_20180616-111245-493_L2A_T30TUM_C_V2-2_roi_0.tif,MR,4117,GARBANZOS,55.0,0.0,B,MA,,PC,D,R,0,VPG,,345358.639291,4626401.10922,,,,1.896,0.44847519441,,0.0,0.0,,,,,,,,,
102,POINT (345364.5469071673 4626427.978790575),2018-05-07,0.0818,0.1321,0.1873,0.2601,0.2112,0.233,0.2549,0.2771,0.4313,0.3624,0,0,0,0,30,151,1,80,2018-04-27,10 days,/work/CESBIO/projects/MAESTRIA/prosail_validation/validation_sites/T30TUM/SENTINEL2A_20180427-111527-232_L2A_T30TUM_C_V2-2_roi_0.tif,MR,117,GARBANZOS,6.0,15.0,B,GU,paralelo to the way between sugarbeet,CL,D,R,0,VPG,,345364.546906,4626427.97867,,,,0.16,0.09027735043,,0.0,0.0,,,,,,,,,
103,POINT (345385.0078789063 4626865.898910395),2018-06-15,0.0375,0.0657,0.0656,0.3768,0.1133,0.3128,0.3872,0.413,0.2294,0.1301,0,0,0,0,25,147,1,81,2018-05-17,29 days,/work/CESBIO/projects/MAESTRIA/prosail_validation/validation_sites/T30TUM/SENTINEL2A_20180517-111020-570_L2A_T30TUM_C_V2-2_roi_0.tif,MR,3114,VEZA,75.0,0.0,-1,FL,,CL,D,R,0,VPG,,345385.007878,4626865.89879,,,,5.96,1.55980768045,,0.0,0.0,,,,,,,,,
104,POINT (345423.8017284372 4626882.000116209),2018-05-17,0.032,0.0631,0.0441,0.4253,0.1057,0.3627,0.4343,0.4551,0.2208,0.1166,0,0,0,0,27,149,1,81,2018-05-07,10 days,/work/CESBIO/projects/MAESTRIA/prosail_validation/validation_sites/T30TUM/SENTINEL2A_20180507-110835-947_L2A_T30TUM_C_V2-2_roi_0.tif,MR,2114,VEZA,45.0,0.0,B,FL,,CL,D,R,0,VPG,,345423.801727,4626882.0,,,,2.724,0.49196544594,,0.0,0.0,,,,,,,,,
105,POINT (345399.6236175561 4626884.270193868),2018-07-02,0.0292,0.0554,0.0353,0.4328,0.1081,0.3369,0.4168,0.4642,0.1881,0.0957,0,0,0,0,22,139,1,82,2018-06-26,6 days,/work/CESBIO/projects/MAESTRIA/prosail_validation/validation_sites/T30TUM/SENTINEL2A_20180626-111803-971_L2A_T30TUM_C_V2-2_roi_0.tif,MR,4114,VEZA,45.0,0.0,B,MA,,PC,D,R,0,VPG,,345399.623616,4626884.27008,,,,4.382,1.77103641973,,0.0,0.0,,,,,,,,,
106,POINT (345467.82697658916 4626917.15253452),2018-05-07,0.0423,0.0797,0.0752,0.34,0.1415,0.2999,0.3342,0.3518,0.272,0.1728,0,0,0,0,30,151,1,81,2018-04-27,10 days,/work/CESBIO/projects/MAESTRIA/prosail_validation/validation_sites/T30TUM/SENTINEL2A_20180427-111527-232_L2A_T30TUM_C_V2-2_roi_0.tif,MR,114,VEZA,30.0,0.0,B,GU,,CL,D,R,0,VPG,,345467.826975,4626917.15242,,,,1.728,0.42815884903,,0.0,0.0,,,,,,,,,
107,POINT (345354.29459987464 4627076.22017298),2018-06-15,0.0433,0.0772,0.0758,0.3709,0.1356,0.2907,0.3516,0.3859,0.2254,0.1424,0,0,0,0,25,147,1,81,2018-05-17,29 days,/work/CESBIO/projects/MAESTRIA/prosail_validation/validation_sites/T30TUM/SENTINEL2A_20180517-111020-570_L2A_T30TUM_C_V2-2_roi_0.tif,MR,3113,CEBADA,75.0,0.0,-1,MA,,CL,D,R,0,VPG,,345354.294599,4627076.22006,,,,2.944,0.77506773898,,0.0,0.0,,,,,,,,,
108,POINT (345341.7887746757 4627114.011399882),2018-05-17,0.0383,0.0756,0.0606,0.3809,0.1251,0.3127,0.3731,0.4036,0.2163,0.1267,0,0,0,0,27,149,1,81,2018-05-07,10 days,/work/CESBIO/projects/MAESTRIA/prosail_validation/validation_sites/T30TUM/SENTINEL2A_20180507-110835-947_L2A_T30TUM_C_V2-2_roi_0.tif,MR,2113,CEBADA,65.0,0.0,N,MA,,CL,D,R,0,VPG,,345341.788774,4627114.01128,,,,2.624,0.40109849165,,0.0,0.0,,,,,,,,,
109,POINT (345672.3112212675 4627153.633385187),2018-07-11,0.0461,0.0724,0.0734,0.2592,0.1166,0.2035,0.2479,0.2778,0.1365,0.083,0,0,0,0,23,139,1,81,2018-07-06,5 days,/work/CESBIO/projects/MAESTRIA/prosail_validation/validation_sites/T30TUM/SENTINEL2A_20180706-110918-241_L2A_T30TUM_C_V2-2_roi_0.tif,MR,2115,CENTENO,135.0,0.0,-1,MA,,PC,D,I,0,VPG,empieza a amarillea pero el grano aún lechoso y hojas verdes,345672.31122,4627153.63327,,,,1.678,0.11734564329,,0.0,0.0,,,,,,,,,
110,POINT (345680.1571122671 4627209.61868147),2018-05-07,0.0374,0.0588,0.0478,0.3403,0.096,0.2689,0.3369,0.3563,0.1663,0.0934,0,0,0,0,30,151,1,80,2018-04-27,10 days,/work/CESBIO/projects/MAESTRIA/prosail_validation/validation_sites/T30TUM/SENTINEL2A_20180427-111527-232_L2A_T30TUM_C_V2-2_roi_0.tif,MR,115,CENTENO,80.0,0.0,N,GU,,PC,D,-1,0,-1,,345680.157111,4627209.61857,,,,3.57,0.91495901548,,0.0,0.0,,,,,,,,,
111,POINT (345667.92227410816 4627244.487446545),2018-07-11,0.0471,0.0736,0.0748,0.2658,0.1164,0.2096,0.2532,0.2798,0.1342,0.0825,0,0,0,0,23,139,1,81,2018-07-06,5 days,/work/CESBIO/projects/MAESTRIA/prosail_validation/validation_sites/T30TUM/SENTINEL2A_20180706-110918-241_L2A_T30TUM_C_V2-2_roi_0.tif,-1,137,CENTENO,135.0,0.0,N,MA,,PC,D,I,0,VPG,LAI mixto,345667.922273,4627244.48733,,,,1.582,0.24793144214,,0.0,0.0,,,,,,,,,
112,POINT (345706.29729834537 4627267.403774737),2018-07-11,0.0469,0.074,0.0734,0.2599,0.1167,0.2053,0.25,0.2779,0.1367,0.0868,0,0,0,0,23,139,1,81,2018-07-06,5 days,/work/CESBIO/projects/MAESTRIA/prosail_validation/validation_sites/T30TUM/SENTINEL2A_20180706-110918-241_L2A_T30TUM_C_V2-2_roi_0.tif,MR,138,CENTENO,135.0,0.0,N,MA,,PC,D,I,0,VPG,LAI mixto,345706.297297,4627267.40366,,,,1.82,0.16015617378,,0.0,0.0,,,,,,,,,
113,POINT (346121.77015509957 4627308.01363205),2018-07-02,0.0395,0.0668,0.0621,0.2828,0.1111,0.2175,0.2693,0.3066,0.1726,0.1023,0,0,0,0,22,139,1,81,2018-06-26,6 days,/work/CESBIO/projects/MAESTRIA/prosail_validation/validation_sites/T30TUM/SENTINEL2A_20180626-111803-971_L2A_T30TUM_C_V2-2_roi_0.tif,MR,4116,TRIGO BLANDO,75.0,0.0,N,MA,,PC,D,R,0,VPG,,346121.770154,4627308.01352,,,,2.266,0.35767303505,,0.0,0.0,,,,,,,,,
114,POINT (346165.4825602518 4627313.321327907),2018-05-07,0.0319,0.0511,0.0405,0.3317,0.086,0.2529,0.3165,0.3426,0.1806,0.0959,0,0,0,0,30,151,1,80,2018-04-27,10 days,/work/CESBIO/projects/MAESTRIA/prosail_validation/validation_sites/T30TUM/SENTINEL2A_20180427-111527-232_L2A_T30TUM_C_V2-2_roi_0.tif,MR,116,TRIGO BLANDO,60.0,12.0,N,GU,,CL,D,R,0,VPG,,346165.482559,4627313.32121,,,,2.908,0.77027267899,,0.0,0.0,,,,,,,,,
115,POINT (346121.13526209013 4627336.744298536),2018-06-15,0.0375,0.0597,0.0445,0.3749,0.0888,0.2605,0.3566,0.392,0.1694,0.0905,0,0,0,0,24,146,1,87,2018-05-22,24 days,/work/CESBIO/projects/MAESTRIA/prosail_validation/validation_sites/T30TUM/SENTINEL2B_20180522-111119-931_L2A_T30TUM_C_V2-2_roi_0.tif,MR,3116,TRIGO BLANDO,80.0,0.0,N,MA,,CL,D,R,0,-1,,346121.135261,4627336.74418,,,,3.454,0.58654070618,,0.0,0.0,,,,,,,,,
116,POINT (346152.49729544146 4627351.11940935),2018-07-11,0.0487,0.0771,0.1078,0.2148,0.1415,0.1784,0.2004,0.2364,0.2354,0.164,0,0,0,0,23,139,1,80,2018-07-06,5 days,/work/CESBIO/projects/MAESTRIA/prosail_validation/validation_sites/T30TUM/SENTINEL2A_20180706-110918-241_L2A_T30TUM_C_V2-2_roi_0.tif,ITA,5116,TRIGO BLANDO,85.0,5.0,N,SE,,OV,D,R,0,NP,,346152.497294,4627351.11929,,,,2.582,0.74220617082,,0.0,0.0,,,,,,,,,
117,POINT (346139.2350011226 4627382.4535054285),2018-05-17,0.041,0.0584,0.0449,0.3686,0.0965,0.2764,0.3575,0.3901,0.201,0.119,0,0,0,0,27,149,1,80,2018-05-07,10 days,/work/CESBIO/projects/MAESTRIA/prosail_validation/validation_sites/T30TUM/SENTINEL2A_20180507-110835-947_L2A_T30TUM_C_V2-2_roi_0.tif,MR,2116,TRIGO BLANDO,70.0,0.0,N,MA,,CL,D,R,0,VPG,,346139.235,4627382.45339,,,,3.05,0.47607772475,,0.0,0.0,,,,,,,,,
118,POINT (346128.59508820495 4627426.755941861),2018-07-11,0.0504,0.0762,0.1071,0.2044,0.1403,0.1755,0.2022,0.2351,0.2356,0.1619,0,0,0,0,23,139,1,80,2018-07-06,5 days,/work/CESBIO/projects/MAESTRIA/prosail_validation/validation_sites/T30TUM/SENTINEL2A_20180706-110918-241_L2A_T30TUM_C_V2-2_roi_0.tif,-1,139,TRIGO BLANDO,75.0,5.0,N,SE,,OV,D,R,0,NP,,346128.595087,4627426.75583,,,,2.338,0.22796929618,,0.0,0.0,,,,,,,,,
119,POINT (346841.8094333996 4627923.532858195),2018-07-11,0.0483,0.0864,0.0565,0.3541,0.1383,0.2942,0.3313,0.3639,0.1842,0.0988,0,0,0,0,23,139,1,79,2018-07-06,5 days,/work/CESBIO/projects/MAESTRIA/prosail_validation/validation_sites/T30TUM/SENTINEL2A_20180706-110918-241_L2A_T30TUM_C_V2-2_roi_0.tif,MR,147,ADORMIDERA,125.0,0.0,B,MA,,PC,-1,I,0,NP,,346841.809432,4627923.53274,,,,2.852,0.65189723117,,0.0,0.0,,,,,,,,,
120,POINT (346863.0870135047 4628011.186728685),2018-07-11,0.0642,0.1046,0.1431,0.2768,0.1835,0.2235,0.2509,0.2967,0.3293,0.2204,0,0,0,0,23,139,1,79,2018-07-06,5 days,/work/CESBIO/projects/MAESTRIA/prosail_validation/validation_sites/T30TUM/SENTINEL2A_20180706-110918-241_L2A_T30TUM_C_V2-2_roi_0.tif,MR,4122,GUISANTES,40.0,0.0,N,SE,,CL,-1,R,0,NP,Está marrón marrón,346863.087012,4628011.18661,,,,1.996,0.66300829557,,0.0,0.0,,,,,,,,,
121,POINT (346860.936804122 4628040.724242163),2018-07-11,0.0654,0.0994,0.1424,0.2655,0.1791,0.2174,0.2455,0.2904,0.3166,0.2118,0,0,0,0,23,139,1,79,2018-07-06,5 days,/work/CESBIO/projects/MAESTRIA/prosail_validation/validation_sites/T30TUM/SENTINEL2A_20180706-110918-241_L2A_T30TUM_C_V2-2_roi_0.tif,MR,145,GUISANTES,50.0,0.0,N,SE,,PC,S,-1,0,NP,Plantas tumbadas,346860.936803,4628040.72413,,,,1.566,0.60185546438,,0.0,0.0,,,,,,,,,
