,geometry,field_date,B2,B3,B4,B8,B5,B6,B7,B8A,B11,B12,sat_mask,cloud_mask,edge_mask,geophysical_mask,sun_zen,sun_az,join_zen,join_az,s2_date,time_delta,s2_filenames,Sequent_N,Ref_N,Hour_UTC+1,Operator,Latitude,Longitude,CropHeight,BBCH,Crop-EN,Crop-ES,Crop-FR,Crop-IT,Crop-LA,Crop-PL,Rowsp_(cm),RowOr(deg),SkyCond,LicorLAI,std_Licor,PocketLAI,std_PockLA,AccuPAR,std_AccuPA,Note
30,POINT (542164.1740446985 4589960.015227648),2017-05-11,0.0231,0.0448,0.0439,0.2527,0.0875,0.1841,0.223,0.2542,0.2116,0.1342,0,0,0,0,24,147,0,0,2017-05-18,-7 days,/work/CESBIO/projects/MAESTRIA/prosail_validation/validation_sites/T33TWF/SENTINEL2A_20170518-095716-529_L2A_T33TWF_D_V1-4_roi_0.tif,97,5NT_STRATEGA_20170511_LAI,8:57 AM,Colecchia S.A. - De Santis A.P.,41.460122,15.504875,>50 cm,69,Durum Wheat,Trigo duro,Blé dur,Frumento duro,Triticum durum Desf.,Pszenica durum,,,Sunny - no clouds,1.947,0.146,,,,,
43,POINT (541531.8999201241 4590288.311550373),2017-06-09,0.0645,0.0873,0.0917,0.2466,0.1217,0.2186,0.2451,0.2679,0.2224,0.1645,0,0,0,0,22,139,0,0,2017-06-27,-18 days,/work/CESBIO/projects/MAESTRIA/prosail_validation/validation_sites/T33TWF/SENTINEL2A_20170627-095631-843_L2A_T33TWF_D_V1-4_roi_0.tif,124,A_Pomodoro_20170609_LAI,9:01 AM,Colecchia S.A. - De Santis A.P.,41.463112,15.497327,10-30 cm,19,Tomato,,,Pomodoro,Solanum licopersicum L.,,180,302,Sunny - no clouds,0.351,0.12,,,,,
44,POINT (541531.8999201241 4590288.311550373),2017-06-21,0.0645,0.0873,0.0917,0.2466,0.1217,0.2186,0.2451,0.2679,0.2224,0.1645,0,0,0,0,22,139,0,0,2017-06-27,-6 days,/work/CESBIO/projects/MAESTRIA/prosail_validation/validation_sites/T33TWF/SENTINEL2A_20170627-095631-843_L2A_T33TWF_D_V1-4_roi_0.tif,133,A_Pomodoro_20170621_LAI,8:52 AM,Colecchia S.A. - De Santis A.P.,41.463112,15.497327,30-50 cm,70,Tomato,,,Pomodoro,Solanum licopersicum L.,,180,302,Sunny - no clouds,1.336,0.56,,,,,
33,POINT (542283.1637173623 4590035.206695756),2017-05-11,0.0315,0.0501,0.0574,0.233,0.0927,0.1762,0.2139,0.253,0.2119,0.1364,0,0,0,0,24,147,0,0,2017-05-18,-7 days,/work/CESBIO/projects/MAESTRIA/prosail_validation/validation_sites/T33TWF/SENTINEL2A_20170518-095716-529_L2A_T33TWF_D_V1-4_roi_0.tif,99,7NT_STRATEGA_20170511_LAI,7:56 AM,Colecchia S.A. - De Santis A.P.,41.460793,15.506305,>50 cm,69,Durum Wheat,Trigo duro,Blé dur,Frumento duro,Triticum durum Desf.,Pszenica durum,,,Sunny - no clouds,2.345,0.190,,,,,
34,POINT (542216.6252111852 4590059.6867779605),2017-05-11,0.0261,0.0449,0.0499,0.1971,0.0841,0.1529,0.1863,0.2183,0.1878,0.1213,0,0,0,0,24,147,0,0,2017-05-18,-7 days,/work/CESBIO/projects/MAESTRIA/prosail_validation/validation_sites/T33TWF/SENTINEL2A_20170518-095716-529_L2A_T33TWF_D_V1-4_roi_0.tif,96,4CT_STRATEGA_20170511_LAI,8:50 AM,Colecchia S.A. - De Santis A.P.,41.461017,15.505510,>50 cm,69,Durum Wheat,Trigo duro,Blé dur,Frumento duro,Triticum durum Desf.,Pszenica durum,,,Sunny - no clouds,2.065,0.175,,,,,
75,POINT (542752.3937718363 4589309.213884276),2017-06-15,0.0156,0.0499,0.0034,0.6373,0.0793,0.4748,0.6189,0.6557,0.179,0.0762,0,0,0,0,22,139,1,253,2017-07-02,-17 days,/work/CESBIO/projects/MAESTRIA/prosail_validation/validation_sites/T33TWF/SENTINEL2B_20170702-095713-527_L2A_T33TWF_D_V1-7_roi_0.tif,131,B_Pomodoro_20170615_LAI,7:24 AM,Colecchia S.A. - De Santis A.P.,41.454229,15.511872,10-30 cm,61,Tomato,,,Pomodoro,Solanum licopersicum L.,,160,331,Sunny - no clouds,2.804,1.25,,,,,
76,POINT (543066.8277838087 4589399.565623091),2017-06-09,0.022,0.0521,0.0178,0.5196,0.0849,0.4031,0.5059,0.5325,0.1975,0.1069,0,0,0,0,22,139,1,253,2017-07-02,-23 days,/work/CESBIO/projects/MAESTRIA/prosail_validation/validation_sites/T33TWF/SENTINEL2B_20170702-095713-527_L2A_T33TWF_D_V1-7_roi_0.tif,126,C_Pomodoro_20170609_LAI,9:49 AM,Colecchia S.A. - De Santis A.P.,41.455026,15.515643,10-30 cm,19,Tomato,,,Pomodoro,Solanum licopersicum L.,,160,330,Sunny - no clouds,0.488,0.25,,,,,
37,POINT (542333.9698992979 4590172.950325534),2017-05-11,0.0406,0.0597,0.08,0.1789,0.0957,0.1376,0.1639,0.195,0.2157,0.1557,0,0,0,0,24,147,0,0,2017-05-18,-7 days,/work/CESBIO/projects/MAESTRIA/prosail_validation/validation_sites/T33TWF/SENTINEL2A_20170518-095716-529_L2A_T33TWF_D_V1-4_roi_0.tif,100,8CT_STRATEGA_20170511_LAI,8:03 AM,Colecchia S.A. - De Santis A.P.,41.462031,15.506923,>50 cm,69,Durum Wheat,Trigo duro,Blé dur,Frumento duro,Triticum durum Desf.,Pszenica durum,,,Sunny - no clouds,2.021,0.192,,,,,
38,POINT (542263.0089551402 4590196.959973673),2017-05-11,0.0372,0.0573,0.0731,0.2167,0.1045,0.1649,0.2007,0.2392,0.2452,0.1664,0,0,0,0,24,147,0,0,2017-05-18,-7 days,/work/CESBIO/projects/MAESTRIA/prosail_validation/validation_sites/T33TWF/SENTINEL2A_20170518-095716-529_L2A_T33TWF_D_V1-4_roi_0.tif,95,3NT_STRATEGA_20170511_LAI,8:42 AM,Colecchia S.A. - De Santis A.P.,41.462251,15.506075,>50 cm,69,Durum Wheat,Trigo duro,Blé dur,Frumento duro,Triticum durum Desf.,Pszenica durum,,,Sunny - no clouds,2.018,0.122,,,,,
79,POINT (543066.8277838087 4589399.565623091),2017-06-12,0.022,0.0521,0.0178,0.5196,0.0849,0.4031,0.5059,0.5325,0.1975,0.1069,0,0,0,0,22,139,1,253,2017-07-02,-20 days,/work/CESBIO/projects/MAESTRIA/prosail_validation/validation_sites/T33TWF/SENTINEL2B_20170702-095713-527_L2A_T33TWF_D_V1-7_roi_0.tif,129,C_Pomodoro_20170612_LAI,12:08 PM,Colecchia S.A. - De Santis A.P.,41.455026,15.515643,10-30 cm,19,Tomato,,,Pomodoro,Solanum licopersicum L.,,160,330,Sunny - no clouds,0.347,0.33,,,,,
40,POINT (541370.3131876583 4589907.021312927),2017-04-05,0.0406,0.0668,0.0706,0.2555,0.1201,0.2094,0.2381,0.272,0.2192,0.1384,0,0,0,0,24,147,0,0,2017-05-18,-43 days,/work/CESBIO/projects/MAESTRIA/prosail_validation/validation_sites/T33TWF/SENTINEL2A_20170518-095716-529_L2A_T33TWF_D_V1-4_roi_0.tif,74,B_CREA-CI_20170405_LAI,10:05 AM,Colecchia S.A. - De Santis A.P.,41.459686,15.495366,30-50 cm,34,Durum Wheat,Trigo duro,Blé dur,Frumento duro,Triticum durum Desf.,Pszenica durum,,,Sunny - no clouds,1.267,0.236,,,,,
41,POINT (541398.2715172853 4590041.740748505),2017-04-05,0.0327,0.0591,0.0675,0.2141,0.1042,0.1781,0.2034,0.2352,0.1928,0.1245,0,0,0,0,24,147,0,0,2017-05-18,-43 days,/work/CESBIO/projects/MAESTRIA/prosail_validation/validation_sites/T33TWF/SENTINEL2A_20170518-095716-529_L2A_T33TWF_D_V1-4_roi_0.tif,73,A_CREA-CI_20170405_LAI,9:47 AM,Colecchia S.A. - De Santis A.P.,41.460898,15.495710,30-50 cm,34,Durum Wheat,Trigo duro,Blé dur,Frumento duro,Triticum durum Desf.,Pszenica durum,,,Sunny - no clouds,3.303,0.029,,,,,
42,POINT (541194.9863294407 4590262.735188711),2017-04-05,0.0333,0.0522,0.0626,0.1898,0.1019,0.1576,0.1865,0.2138,0.1841,0.1297,0,0,0,0,24,147,0,0,2017-05-18,-43 days,/work/CESBIO/projects/MAESTRIA/prosail_validation/validation_sites/T33TWF/SENTINEL2A_20170518-095716-529_L2A_T33TWF_D_V1-4_roi_0.tif,75,C_CREA-CI_20170405_LAI,10:30 AM,Colecchia S.A. - De Santis A.P.,41.462899,15.493291,30-50 cm,34,Durum Wheat,Trigo duro,Blé dur,Frumento duro,Triticum durum Desf.,Pszenica durum,,,Sunny - no clouds,3.843,0.387,,,,,
80,POINT (542377.9594574135 4590304.992224817),2017-03-29,0.0467,0.0728,0.0763,0.2491,0.1206,0.2113,0.2419,0.2696,0.261,0.1759,0,0,0,0,40,155,0,0,2017-03-29,0 days,/work/CESBIO/projects/MAESTRIA/prosail_validation/validation_sites/T33TWF/SENTINEL2A_20170329-095024-458_L2A_T33TWF_D_V1-4_roi_0.tif,71,9NT_STRATEGA_20170329_LAI,10:26 AM,Colecchia S.A. - De Santis A.P.,41.463218,15.507459,30-50 cm,32,Durum Wheat,Trigo duro,Blé dur,Frumento duro,Triticum durum Desf.,Pszenica durum,,,Sunny - no clouds,0.783,0.106,,,,,
45,POINT (541531.8999201241 4590288.311550373),2017-06-15,0.0453,0.0803,0.0559,0.418,0.1146,0.3436,0.4177,0.4347,0.163,0.0887,0,0,0,0,28,146,1,254,2017-08-06,-52 days,/work/CESBIO/projects/MAESTRIA/prosail_validation/validation_sites/T33TWF/SENTINEL2A_20170806-095744-388_L2A_T33TWF_D_V1-7_roi_0.tif,130,A_Pomodoro_20170615_LAI,7:38 AM,Colecchia S.A. - De Santis A.P.,41.463112,15.497327,10-30 cm,61,Tomato,,,Pomodoro,Solanum licopersicum L.,,180,302,Sunny - no clouds,1.620,0.95,,,,,
82,POINT (542423.9867758902 4590431.05117124),2017-03-29,0.0388,0.0673,0.0581,0.2417,0.1028,0.2157,0.2443,0.2629,0.1898,0.1227,0,0,0,0,40,155,0,0,2017-03-29,0 days,/work/CESBIO/projects/MAESTRIA/prosail_validation/validation_sites/T33TWF/SENTINEL2A_20170329-095024-458_L2A_T33TWF_D_V1-4_roi_0.tif,72,10CT_STRATEGA_20170329_LAI,10:33 AM,Colecchia S.A. - De Santis A.P.,41.464351,15.508019,30-50 cm,32,Durum Wheat,Trigo duro,Blé dur,Frumento duro,Triticum durum Desf.,Pszenica durum,,,Sunny - no clouds,1.700,1.067,,,,,
58,POINT (530328.5464690344 4593178.879131289),2017-04-13,0.057,0.0802,0.114,0.2034,0.1337,0.1638,0.1756,0.1936,0.1609,0.0928,0,0,0,0,22,139,0,0,2017-06-27,-75 days,/work/CESBIO/projects/MAESTRIA/prosail_validation/validation_sites/T33TWF/SENTINEL2A_20170627-095631-843_L2A_T33TWF_D_V1-4_roi_0.tif,92,AA.V_LUCERA.CE_20170413_LAI,3:31 PM,Vonella V.,41.489650,15.363320,30-50 cm,51,Chickpea,,,Cece,Cicer arietinum L.,,,,Sunny - no clouds,1.896,0.257,,,,,
84,POINT (542643.065641156 4596107.745216719),2017-03-21,0.0517,0.0807,0.0723,0.2518,0.1245,0.2275,0.2517,0.2712,0.2045,0.14,0,0,0,0,40,155,0,0,2017-03-29,-8 days,/work/CESBIO/projects/MAESTRIA/prosail_validation/validation_sites/T33TWF/SENTINEL2A_20170329-095024-458_L2A_T33TWF_D_V1-4_roi_0.tif,13,AA.S_Capitanata.01_2017_LAI,11:32 AM,Riefolo C. - Ruggieri S.,41.515470,15.511044,30-50 cm,35,Durum Wheat,Trigo duro,Blé dur,Frumento duro,Triticum durum Desf.,Pszenica durum,,,Sunny - no clouds,1.900,0.113,,,,,
85,POINT (542643.065641156 4596107.745216719),2017-03-21,0.0517,0.0807,0.0723,0.2518,0.1245,0.2275,0.2517,0.2712,0.2045,0.14,0,0,0,0,40,155,0,0,2017-03-29,-8 days,/work/CESBIO/projects/MAESTRIA/prosail_validation/validation_sites/T33TWF/SENTINEL2A_20170329-095024-458_L2A_T33TWF_D_V1-4_roi_0.tif,14,AA.S_Capitanata.02_2017_LAI,11:35 AM,Riefolo C. - Ruggieri S.,41.515470,15.511044,30-50 cm,35,Durum Wheat,Trigo duro,Blé dur,Frumento duro,Triticum durum Desf.,Pszenica durum,,,Sunny - no clouds,1.675,0.280,,,,,
86,POINT (542729.0692336403 4597126.677271284),2017-03-21,0.0129,0.0371,0.0087,0.4265,0.0655,0.3268,0.4339,0.4562,0.1301,0.0564,0,0,0,0,40,155,0,0,2017-03-29,-8 days,/work/CESBIO/projects/MAESTRIA/prosail_validation/validation_sites/T33TWF/SENTINEL2A_20170329-095024-458_L2A_T33TWF_D_V1-4_roi_0.tif,15,AA.S_Capitanata.03_2017_LAI,11:55 AM,Riefolo C. - Ruggieri S.,41.524643,15.512147,30-50 cm,35,Durum Wheat,Trigo duro,Blé dur,Frumento duro,Triticum durum Desf.,Pszenica durum,,,Sunny - no clouds,3.175,0.233,,,,,
50,POINT (542377.9594574135 4590304.992224817),2017-05-11,0.0428,0.059,0.0811,0.2116,0.1061,0.1666,0.1972,0.2345,0.2461,0.1709,0,0,0,0,24,147,0,0,2017-05-18,-7 days,/work/CESBIO/projects/MAESTRIA/prosail_validation/validation_sites/T33TWF/SENTINEL2A_20170518-095716-529_L2A_T33TWF_D_V1-4_roi_0.tif,101,9NT_STRATEGA_20170511_LAI,8:11 AM,Colecchia S.A. - De Santis A.P.,41.463218,15.507459,>50 cm,69,Durum Wheat,Trigo duro,Blé dur,Frumento duro,Triticum durum Desf.,Pszenica durum,,,Sunny - no clouds,1.985,0.131,,,,,
51,POINT (542305.0288903399 4590309.005795515),2017-05-11,0.0327,0.0497,0.0649,0.1756,0.0896,0.1362,0.1622,0.1987,0.2019,0.1399,0,0,0,0,24,147,0,0,2017-05-18,-7 days,/work/CESBIO/projects/MAESTRIA/prosail_validation/validation_sites/T33TWF/SENTINEL2A_20170518-095716-529_L2A_T33TWF_D_V1-4_roi_0.tif,94,2CT_STRATEGA_20170511_LAI,8:35 AM,Colecchia S.A. - De Santis A.P.,41.463258,15.506586,>50 cm,69,Durum Wheat,Trigo duro,Blé dur,Frumento duro,Triticum durum Desf.,Pszenica durum,,,Sunny - no clouds,1.829,0.130,,,,,
52,POINT (542305.0288903399 4590309.005795515),2017-03-29,0.0327,0.0497,0.0649,0.1756,0.0896,0.1362,0.1622,0.1987,0.2019,0.1399,0,0,0,0,24,147,0,0,2017-05-18,-50 days,/work/CESBIO/projects/MAESTRIA/prosail_validation/validation_sites/T33TWF/SENTINEL2A_20170518-095716-529_L2A_T33TWF_D_V1-4_roi_0.tif,64,2CT_STRATEGA_20170329_LAI,10:44 AM,Colecchia S.A. - De Santis A.P.,41.463258,15.506586,30-50 cm,32,Durum Wheat,Trigo duro,Blé dur,Frumento duro,Triticum durum Desf.,Pszenica durum,,,Sunny - no clouds,1.390,0.198,,,,,
53,POINT (542359.9657650598 4590453.990368482),2017-05-11,0.0395,0.0612,0.0782,0.2114,0.1021,0.1605,0.1914,0.2275,0.2433,0.1681,0,0,0,0,24,147,0,0,2017-05-18,-7 days,/work/CESBIO/projects/MAESTRIA/prosail_validation/validation_sites/T33TWF/SENTINEL2A_20170518-095716-529_L2A_T33TWF_D_V1-4_roi_0.tif,93,1NT_STRATEGA_20170511_LAI,8:28 AM,Colecchia S.A. - De Santis A.P.,41.464561,15.507254,>50 cm,69,Durum Wheat,Trigo duro,Blé dur,Frumento duro,Triticum durum Desf.,Pszenica durum,,,Sunny - no clouds,2.057,0.179,,,,,
66,POINT (542711.979301803 4589066.945514314),2017-05-17,0.109,0.152,0.2315,0.3416,0.2596,0.2971,0.3263,0.38,0.4569,0.3046,0,0,0,0,22,139,0,0,2017-06-27,-41 days,/work/CESBIO/projects/MAESTRIA/prosail_validation/validation_sites/T33TWF/SENTINEL2A_20170627-095631-843_L2A_T33TWF_D_V1-4_roi_0.tif,105,C_Foraggere_20170517_LAI,10:11 AM,Colecchia S.A. - De Santis A.P.,41.452049,15.511371,>50 cm,69,Durum Wheat,Trigo duro,Blé dur,Frumento duro,Triticum durum Desf.,Pszenica durum,,,Sunny - no clouds,4.100,0.297,,,,,
92,POINT (548735.4124326664 4595655.383694973),2017-03-21,0.0491,0.0866,0.0713,0.4459,0.1367,0.356,0.4242,0.4472,0.226,0.1324,0,0,0,0,40,155,0,0,2017-03-29,-8 days,/work/CESBIO/projects/MAESTRIA/prosail_validation/validation_sites/T33TWF/SENTINEL2A_20170329-095024-458_L2A_T33TWF_D_V1-4_roi_0.tif,21,AA.S_Capitanata.09_2017_LAI,4:22 PM,Riefolo C. - Ruggieri S.,41.511048,15.584016,30-50 cm,35,Durum Wheat,Trigo duro,Blé dur,Frumento duro,Triticum durum Desf.,Pszenica durum,,,Sunny - no clouds,3.650,0.650,,,,,
93,POINT (543300.3164982036 4597159.284458977),2017-03-21,0.0114,0.0344,0.0095,0.429,0.0617,0.3325,0.4426,0.4649,0.1394,0.0613,0,0,0,0,40,155,0,0,2017-03-29,-8 days,/work/CESBIO/projects/MAESTRIA/prosail_validation/validation_sites/T33TWF/SENTINEL2A_20170329-095024-458_L2A_T33TWF_D_V1-4_roi_0.tif,18,AA.S_Capitanata.06_2017_LAI,12:11 PM,Riefolo C. - Ruggieri S.,41.524906,15.518996,30-50 cm,35,Durum Wheat,Trigo duro,Blé dur,Frumento duro,Triticum durum Desf.,Pszenica durum,,,Sunny - no clouds,3.365,0.262,,,,,
94,POINT (544754.2222629546 4598076.676401409),2017-03-22,0.0041,0.0225,0.0,0.5363,0.0415,0.3311,0.5221,0.5475,0.1282,0.0503,0,0,0,0,40,155,0,0,2017-03-29,-7 days,/work/CESBIO/projects/MAESTRIA/prosail_validation/validation_sites/T33TWF/SENTINEL2A_20170329-095024-458_L2A_T33TWF_D_V1-4_roi_0.tif,45,AA.S_Capitanata.33_2017_LAI,9:48 AM,Riefolo C. - Ruggieri S.,41.533089,15.536490,30-50 cm,35,Durum Wheat,Trigo duro,Blé dur,Frumento duro,Triticum durum Desf.,Pszenica durum,,,Sunny - no clouds,6.060,0.460,,,,,
95,POINT (545413.9190740222 4599483.047504193),2017-03-21,0.0355,0.0598,0.0431,0.4415,0.0938,0.3789,0.449,0.4611,0.1428,0.076,0,0,0,0,40,155,0,0,2017-03-29,-8 days,/work/CESBIO/projects/MAESTRIA/prosail_validation/validation_sites/T33TWF/SENTINEL2A_20170329-095024-458_L2A_T33TWF_D_V1-4_roi_0.tif,44,AA.S_Capitanata.32_2017_LAI,6:41 PM,Riefolo C. - Ruggieri S.,41.545719,15.544504,30-50 cm,19,Brocoli,,,Broccolo,Brassica oleracea var. italica,,,,Sunny - no clouds,1.590,0.940,,,,,
59,POINT (542476.9692240325 4588946.988633815),2017-05-17,0.0219,0.0453,0.0553,0.2251,0.0891,0.166,0.2072,0.2478,0.1758,0.1054,0,0,0,0,24,147,0,0,2017-05-18,-1 days,/work/CESBIO/projects/MAESTRIA/prosail_validation/validation_sites/T33TWF/SENTINEL2A_20170518-095716-529_L2A_T33TWF_D_V1-4_roi_0.tif,108,F_Foraggere_20170517_LAI,11:49 AM,Colecchia S.A. - De Santis A.P.,41.450981,15.508549,>50 cm,69,Durum Wheat,Trigo duro,Blé dur,Frumento duro,Triticum durum Desf.,Pszenica durum,,,Sunny - no clouds,2.646,0.630,,,,,
72,POINT (542752.3937718363 4589309.213884276),2017-06-12,0.0476,0.0834,0.0601,0.5376,0.124,0.4331,0.5421,0.5638,0.2172,0.1092,0,0,0,0,22,139,0,0,2017-06-27,-15 days,/work/CESBIO/projects/MAESTRIA/prosail_validation/validation_sites/T33TWF/SENTINEL2A_20170627-095631-843_L2A_T33TWF_D_V1-4_roi_0.tif,128,B_Pomodoro_20170612_LAI,11:10 AM,Colecchia S.A. - De Santis A.P.,41.454229,15.511872,10-30 cm,19,Tomato,,,Pomodoro,Solanum licopersicum L.,,160,331,Sunny - no clouds,1.927,0.75,,,,,
73,POINT (542752.3937718363 4589309.213884276),2017-06-21,0.0476,0.0834,0.0601,0.5376,0.124,0.4331,0.5421,0.5638,0.2172,0.1092,0,0,0,0,22,139,0,0,2017-06-27,-6 days,/work/CESBIO/projects/MAESTRIA/prosail_validation/validation_sites/T33TWF/SENTINEL2A_20170627-095631-843_L2A_T33TWF_D_V1-4_roi_0.tif,134,B_Pomodoro_20170621_LAI,10:12 AM,Colecchia S.A. - De Santis A.P.,41.454229,15.511872,30-50 cm,70,Tomato,,,Pomodoro,Solanum licopersicum L.,,160,331,Sunny - no clouds,3.334,0.80,,,,,
62,POINT (542615.9900978357 4589012.977109309),2017-05-17,0.0207,0.0446,0.0463,0.257,0.0902,0.1911,0.239,0.2831,0.1886,0.1029,0,0,0,0,24,147,0,0,2017-05-18,-1 days,/work/CESBIO/projects/MAESTRIA/prosail_validation/validation_sites/T33TWF/SENTINEL2A_20170518-095716-529_L2A_T33TWF_D_V1-4_roi_0.tif,106,D_Foraggere_20170517_LAI,10:36 AM,Colecchia S.A. - De Santis A.P.,41.451568,15.510218,>50 cm,69,Durum Wheat,Trigo duro,Blé dur,Frumento duro,Triticum durum Desf.,Pszenica durum,,,Sunny - no clouds,4.096,0.270,,,,,
75,POINT (542752.3937718363 4589309.213884276),2017-06-15,0.0476,0.0834,0.0601,0.5376,0.124,0.4331,0.5421,0.5638,0.2172,0.1092,0,0,0,0,22,139,0,0,2017-06-27,-12 days,/work/CESBIO/projects/MAESTRIA/prosail_validation/validation_sites/T33TWF/SENTINEL2A_20170627-095631-843_L2A_T33TWF_D_V1-4_roi_0.tif,131,B_Pomodoro_20170615_LAI,7:24 AM,Colecchia S.A. - De Santis A.P.,41.454229,15.511872,10-30 cm,61,Tomato,,,Pomodoro,Solanum licopersicum L.,,160,331,Sunny - no clouds,2.804,1.25,,,,,
76,POINT (543066.8277838087 4589399.565623091),2017-06-09,0.0589,0.0917,0.0794,0.4098,0.1319,0.3491,0.4038,0.4297,0.241,0.1498,0,0,0,0,22,139,0,0,2017-06-27,-18 days,/work/CESBIO/projects/MAESTRIA/prosail_validation/validation_sites/T33TWF/SENTINEL2A_20170627-095631-843_L2A_T33TWF_D_V1-4_roi_0.tif,126,C_Pomodoro_20170609_LAI,9:49 AM,Colecchia S.A. - De Santis A.P.,41.455026,15.515643,10-30 cm,19,Tomato,,,Pomodoro,Solanum licopersicum L.,,160,330,Sunny - no clouds,0.488,0.25,,,,,
65,POINT (542986.0268876692 4589054.025947917),2017-05-17,0.0388,0.0651,0.0716,0.2569,0.1094,0.206,0.2407,0.2768,0.2346,0.1535,0,0,0,0,24,147,0,0,2017-05-18,-1 days,/work/CESBIO/projects/MAESTRIA/prosail_validation/validation_sites/T33TWF/SENTINEL2A_20170518-095716-529_L2A_T33TWF_D_V1-4_roi_0.tif,111,I_Foraggere_20170517_LAI,12:58 PM,Colecchia S.A. - De Santis A.P.,41.451918,15.514651,>50 cm,69,Durum Wheat,Trigo duro,Blé dur,Frumento duro,Triticum durum Desf.,Pszenica durum,,,Sunny - no clouds,0.710,0.416,,,,,
66,POINT (542711.979301803 4589066.945514314),2017-05-17,0.0144,0.0391,0.0307,0.2891,0.0774,0.2091,0.2706,0.3108,0.1769,0.0903,0,0,0,0,24,147,0,0,2017-05-18,-1 days,/work/CESBIO/projects/MAESTRIA/prosail_validation/validation_sites/T33TWF/SENTINEL2A_20170518-095716-529_L2A_T33TWF_D_V1-4_roi_0.tif,105,C_Foraggere_20170517_LAI,10:11 AM,Colecchia S.A. - De Santis A.P.,41.452049,15.511371,>50 cm,69,Durum Wheat,Trigo duro,Blé dur,Frumento duro,Triticum durum Desf.,Pszenica durum,,,Sunny - no clouds,4.100,0.297,,,,,
67,POINT (542437.9981112008 4589082.98447864),2017-05-17,0.0191,0.0417,0.0341,0.2953,0.0784,0.2131,0.2784,0.3179,0.1638,0.0868,0,0,0,0,24,147,0,0,2017-05-18,-1 days,/work/CESBIO/projects/MAESTRIA/prosail_validation/validation_sites/T33TWF/SENTINEL2A_20170518-095716-529_L2A_T33TWF_D_V1-4_roi_0.tif,109,G_Foraggere_20170517_LAI,12:07 PM,Colecchia S.A. - De Santis A.P.,41.452208,15.508092,>50 cm,69,Durum Wheat,Trigo duro,Blé dur,Frumento duro,Triticum durum Desf.,Pszenica durum,,,Sunny - no clouds,2.900,0.414,,,,,
68,POINT (543111.0268893068 4589102.954200956),2017-05-17,0.0338,0.0599,0.0632,0.2413,0.1056,0.1977,0.2309,0.261,0.2103,0.1364,0,0,0,0,24,147,0,0,2017-05-18,-1 days,/work/CESBIO/projects/MAESTRIA/prosail_validation/validation_sites/T33TWF/SENTINEL2A_20170518-095716-529_L2A_T33TWF_D_V1-4_roi_0.tif,112,J_Foraggere_20170517_LAI,1:17 PM,Colecchia S.A. - De Santis A.P.,41.452352,15.516151,>50 cm,69,Durum Wheat,Trigo duro,Blé dur,Frumento duro,Triticum durum Desf.,Pszenica durum,,,Sunny - no clouds,0.604,0.583,,,,,
69,POINT (542527.9593437539 4589181.990246725),2017-05-17,0.0153,0.0362,0.0195,0.3659,0.0663,0.2456,0.3415,0.3862,0.17,0.0806,0,0,0,0,24,147,0,0,2017-05-18,-1 days,/work/CESBIO/projects/MAESTRIA/prosail_validation/validation_sites/T33TWF/SENTINEL2A_20170518-095716-529_L2A_T33TWF_D_V1-4_roi_0.tif,107,E_Foraggere_20170517_LAI,10:55 AM,Colecchia S.A. - De Santis A.P.,41.453095,15.509176,>50 cm,69,Durum Wheat,Trigo duro,Blé dur,Frumento duro,Triticum durum Desf.,Pszenica durum,,,Sunny - no clouds,4.606,0.585,,,,,
70,POINT (542609.0074708316 4589233.982046313),2017-05-17,0.0131,0.0339,0.0194,0.3516,0.0623,0.2429,0.3312,0.3739,0.1658,0.08,0,0,0,0,24,147,0,0,2017-05-18,-1 days,/work/CESBIO/projects/MAESTRIA/prosail_validation/validation_sites/T33TWF/SENTINEL2A_20170518-095716-529_L2A_T33TWF_D_V1-4_roi_0.tif,104,B_Foraggere_20170517_LAI,9:34 AM,Colecchia S.A. - De Santis A.P.,41.453559,15.510150,>50 cm,69,Durum Wheat,Trigo duro,Blé dur,Frumento duro,Triticum durum Desf.,Pszenica durum,,,Sunny - no clouds,4.510,0.473,,,,,
71,POINT (542666.021070256 4589253.9693576),2017-05-17,0.0138,0.0358,0.0231,0.3358,0.0635,0.2323,0.3177,0.3567,0.1692,0.0828,0,0,0,0,24,147,0,0,2017-05-18,-1 days,/work/CESBIO/projects/MAESTRIA/prosail_validation/validation_sites/T33TWF/SENTINEL2A_20170518-095716-529_L2A_T33TWF_D_V1-4_roi_0.tif,103,A_Foraggere_20170517_LAI,8:54 AM,Colecchia S.A. - De Santis A.P.,41.453736,15.510834,>50 cm,69,Durum Wheat,Trigo duro,Blé dur,Frumento duro,Triticum durum Desf.,Pszenica durum,,,Sunny - no clouds,4.162,0.564,,,,,
73,POINT (542752.3937718363 4589309.213884276),2017-06-21,0.049,0.0876,0.0613,0.4132,0.1298,0.3347,0.4071,0.4421,0.1522,0.0767,0,0,0,0,28,146,1,256,2017-08-06,-46 days,/work/CESBIO/projects/MAESTRIA/prosail_validation/validation_sites/T33TWF/SENTINEL2A_20170806-095744-388_L2A_T33TWF_D_V1-7_roi_0.tif,134,B_Pomodoro_20170621_LAI,10:12 AM,Colecchia S.A. - De Santis A.P.,41.454229,15.511872,30-50 cm,70,Tomato,,,Pomodoro,Solanum licopersicum L.,,160,331,Sunny - no clouds,3.334,0.80,,,,,
74,POINT (542752.3937718363 4589309.213884276),2017-06-09,0.049,0.0876,0.0613,0.4132,0.1298,0.3347,0.4071,0.4421,0.1522,0.0767,0,0,0,0,28,146,1,256,2017-08-06,-58 days,/work/CESBIO/projects/MAESTRIA/prosail_validation/validation_sites/T33TWF/SENTINEL2A_20170806-095744-388_L2A_T33TWF_D_V1-7_roi_0.tif,125,B_Pomodoro_20170609_LAI,10:16 AM,Colecchia S.A. - De Santis A.P.,41.454229,15.511872,10-30 cm,19,Tomato,,,Pomodoro,Solanum licopersicum L.,,160,331,Sunny - no clouds,1.432,0.55,,,,,
75,POINT (542752.3937718363 4589309.213884276),2017-06-15,0.049,0.0876,0.0613,0.4132,0.1298,0.3347,0.4071,0.4421,0.1522,0.0767,0,0,0,0,28,146,1,256,2017-08-06,-52 days,/work/CESBIO/projects/MAESTRIA/prosail_validation/validation_sites/T33TWF/SENTINEL2A_20170806-095744-388_L2A_T33TWF_D_V1-7_roi_0.tif,131,B_Pomodoro_20170615_LAI,7:24 AM,Colecchia S.A. - De Santis A.P.,41.454229,15.511872,10-30 cm,61,Tomato,,,Pomodoro,Solanum licopersicum L.,,160,331,Sunny - no clouds,2.804,1.25,,,,,
76,POINT (543066.8277838087 4589399.565623091),2017-06-09,0.0422,0.0764,0.0491,0.4657,0.115,0.3752,0.4604,0.4883,0.1593,0.0809,0,0,0,0,28,146,1,257,2017-08-06,-58 days,/work/CESBIO/projects/MAESTRIA/prosail_validation/validation_sites/T33TWF/SENTINEL2A_20170806-095744-388_L2A_T33TWF_D_V1-7_roi_0.tif,126,C_Pomodoro_20170609_LAI,9:49 AM,Colecchia S.A. - De Santis A.P.,41.455026,15.515643,10-30 cm,19,Tomato,,,Pomodoro,Solanum licopersicum L.,,160,330,Sunny - no clouds,0.488,0.25,,,,,
22,POINT (541994.9901280974 4580882.991854105),2017-05-30,0.0993,0.15,0.2292,0.3553,0.2632,0.3056,0.3356,0.3929,0.449,0.2931,0,0,0,0,21,140,0,0,2017-06-17,-18 days,/work/CESBIO/projects/MAESTRIA/prosail_validation/validation_sites/T33TWF/SENTINEL2A_20170617-095546-943_L2A_T33TWF_D_V1-4_roi_0.tif,119,Sg07_liv2_20170530_LAI,8:35 AM,Colecchia S.A. - De Santis A.P.,41.378372,15.502219,>50 cm,83,Durum Wheat,Trigo duro,Blé dur,Frumento duro,Triticum durum Desf.,Pszenica durum,,,Sunny - no clouds,3.613,0.662,,,,,
44,POINT (541531.8999201241 4590288.311550373),2017-06-21,0.051,0.0911,0.0625,0.4109,0.1339,0.3367,0.3981,0.4275,0.1643,0.0895,0,0,0,0,29,147,1,251,2017-08-11,-51 days,/work/CESBIO/projects/MAESTRIA/prosail_validation/validation_sites/T33TWF/SENTINEL2B_20170811-095512-478_L2A_T33TWF_D_V1-7_roi_0.tif,133,A_Pomodoro_20170621_LAI,8:52 AM,Colecchia S.A. - De Santis A.P.,41.463112,15.497327,30-50 cm,70,Tomato,,,Pomodoro,Solanum licopersicum L.,,180,302,Sunny - no clouds,1.336,0.56,,,,,
79,POINT (543066.8277838087 4589399.565623091),2017-06-12,0.0422,0.0764,0.0491,0.4657,0.115,0.3752,0.4604,0.4883,0.1593,0.0809,0,0,0,0,28,146,1,257,2017-08-06,-55 days,/work/CESBIO/projects/MAESTRIA/prosail_validation/validation_sites/T33TWF/SENTINEL2A_20170806-095744-388_L2A_T33TWF_D_V1-7_roi_0.tif,129,C_Pomodoro_20170612_LAI,12:08 PM,Colecchia S.A. - De Santis A.P.,41.455026,15.515643,10-30 cm,19,Tomato,,,Pomodoro,Solanum licopersicum L.,,160,330,Sunny - no clouds,0.347,0.33,,,,,
46,POINT (541531.8999201241 4590288.311550373),2017-06-12,0.051,0.0911,0.0625,0.4109,0.1339,0.3367,0.3981,0.4275,0.1643,0.0895,0,0,0,0,29,147,1,251,2017-08-11,-60 days,/work/CESBIO/projects/MAESTRIA/prosail_validation/validation_sites/T33TWF/SENTINEL2B_20170811-095512-478_L2A_T33TWF_D_V1-7_roi_0.tif,127,A_Pomodoro_20170612_LAI,2:42 PM,Colecchia S.A. - De Santis A.P.,41.463112,15.497327,10-30 cm,19,Tomato,,,Pomodoro,Solanum licopersicum L.,,180,302,Sunny - no clouds,0.425,0.24,,,,,
80,POINT (542377.9594574135 4590304.992224817),2017-03-29,0.0428,0.059,0.0811,0.2116,0.1061,0.1666,0.1972,0.2345,0.2461,0.1709,0,0,0,0,24,147,0,0,2017-05-18,-50 days,/work/CESBIO/projects/MAESTRIA/prosail_validation/validation_sites/T33TWF/SENTINEL2A_20170518-095716-529_L2A_T33TWF_D_V1-4_roi_0.tif,71,9NT_STRATEGA_20170329_LAI,10:26 AM,Colecchia S.A. - De Santis A.P.,41.463218,15.507459,30-50 cm,32,Durum Wheat,Trigo duro,Blé dur,Frumento duro,Triticum durum Desf.,Pszenica durum,,,Sunny - no clouds,0.783,0.106,,,,,
81,POINT (542423.9867758902 4590431.05117124),2017-05-11,0.0375,0.0561,0.0778,0.1766,0.0924,0.1359,0.1562,0.1886,0.2082,0.1491,0,0,0,0,24,147,0,0,2017-05-18,-7 days,/work/CESBIO/projects/MAESTRIA/prosail_validation/validation_sites/T33TWF/SENTINEL2A_20170518-095716-529_L2A_T33TWF_D_V1-4_roi_0.tif,102,10CT_STRATEGA_20170511_LAI,8:17 AM,Colecchia S.A. - De Santis A.P.,41.464351,15.508019,>50 cm,69,Durum Wheat,Trigo duro,Blé dur,Frumento duro,Triticum durum Desf.,Pszenica durum,,,Sunny - no clouds,1.787,0.141,,,,,
82,POINT (542423.9867758902 4590431.05117124),2017-03-29,0.0375,0.0561,0.0778,0.1766,0.0924,0.1359,0.1562,0.1886,0.2082,0.1491,0,0,0,0,24,147,0,0,2017-05-18,-50 days,/work/CESBIO/projects/MAESTRIA/prosail_validation/validation_sites/T33TWF/SENTINEL2A_20170518-095716-529_L2A_T33TWF_D_V1-4_roi_0.tif,72,10CT_STRATEGA_20170329_LAI,10:33 AM,Colecchia S.A. - De Santis A.P.,41.464351,15.508019,30-50 cm,32,Durum Wheat,Trigo duro,Blé dur,Frumento duro,Triticum durum Desf.,Pszenica durum,,,Sunny - no clouds,1.700,1.067,,,,,
29,POINT (542237.0408325597 4589896.047553013),2017-05-11,0.0631,0.0829,0.1166,0.1885,0.1285,0.1526,0.1724,0.2012,0.2736,0.187,0,0,0,0,21,140,0,0,2017-06-17,-37 days,/work/CESBIO/projects/MAESTRIA/prosail_validation/validation_sites/T33TWF/SENTINEL2A_20170617-095546-943_L2A_T33TWF_D_V1-4_roi_0.tif,98,6CT_STRATEGA_20170511_LAI,7:47 AM,Colecchia S.A. - De Santis A.P.,41.459542,15.505743,>50 cm,69,Durum Wheat,Trigo duro,Blé dur,Frumento duro,Triticum durum Desf.,Pszenica durum,,,Sunny - no clouds,2.253,0.242,,,,,
30,POINT (542164.1740446985 4589960.015227648),2017-05-11,0.0712,0.096,0.1511,0.2289,0.1595,0.1806,0.21,0.2478,0.3351,0.2148,0,0,0,0,21,140,0,0,2017-06-17,-37 days,/work/CESBIO/projects/MAESTRIA/prosail_validation/validation_sites/T33TWF/SENTINEL2A_20170617-095546-943_L2A_T33TWF_D_V1-4_roi_0.tif,97,5NT_STRATEGA_20170511_LAI,8:57 AM,Colecchia S.A. - De Santis A.P.,41.460122,15.504875,>50 cm,69,Durum Wheat,Trigo duro,Blé dur,Frumento duro,Triticum durum Desf.,Pszenica durum,,,Sunny - no clouds,1.947,0.146,,,,,
85,POINT (542643.065641156 4596107.745216719),2017-03-21,0.0725,0.1011,0.1147,0.2451,0.1624,0.2235,0.2498,0.2759,0.246,0.1819,0,0,0,0,24,147,0,0,2017-05-18,-58 days,/work/CESBIO/projects/MAESTRIA/prosail_validation/validation_sites/T33TWF/SENTINEL2A_20170518-095716-529_L2A_T33TWF_D_V1-4_roi_0.tif,14,AA.S_Capitanata.02_2017_LAI,11:35 AM,Riefolo C. - Ruggieri S.,41.515470,15.511044,30-50 cm,35,Durum Wheat,Trigo duro,Blé dur,Frumento duro,Triticum durum Desf.,Pszenica durum,,,Sunny - no clouds,1.675,0.280,,,,,
86,POINT (542729.0692336403 4597126.677271284),2017-03-21,0.0338,0.0608,0.068,0.2199,0.111,0.179,0.2074,0.2366,0.1782,0.1105,0,0,0,0,24,147,0,0,2017-05-18,-58 days,/work/CESBIO/projects/MAESTRIA/prosail_validation/validation_sites/T33TWF/SENTINEL2A_20170518-095716-529_L2A_T33TWF_D_V1-4_roi_0.tif,15,AA.S_Capitanata.03_2017_LAI,11:55 AM,Riefolo C. - Ruggieri S.,41.524643,15.512147,30-50 cm,35,Durum Wheat,Trigo duro,Blé dur,Frumento duro,Triticum durum Desf.,Pszenica durum,,,Sunny - no clouds,3.175,0.233,,,,,
33,POINT (542283.1637173623 4590035.206695756),2017-05-11,0.0673,0.0921,0.1414,0.2228,0.1585,0.1851,0.2053,0.2442,0.3306,0.2081,0,0,0,0,21,140,0,0,2017-06-17,-37 days,/work/CESBIO/projects/MAESTRIA/prosail_validation/validation_sites/T33TWF/SENTINEL2A_20170617-095546-943_L2A_T33TWF_D_V1-4_roi_0.tif,99,7NT_STRATEGA_20170511_LAI,7:56 AM,Colecchia S.A. - De Santis A.P.,41.460793,15.506305,>50 cm,69,Durum Wheat,Trigo duro,Blé dur,Frumento duro,Triticum durum Desf.,Pszenica durum,,,Sunny - no clouds,2.345,0.190,,,,,
34,POINT (542216.6252111852 4590059.6867779605),2017-05-11,0.0617,0.0804,0.1227,0.1966,0.1369,0.1625,0.1804,0.2157,0.2812,0.1867,0,0,0,0,21,140,0,0,2017-06-17,-37 days,/work/CESBIO/projects/MAESTRIA/prosail_validation/validation_sites/T33TWF/SENTINEL2A_20170617-095546-943_L2A_T33TWF_D_V1-4_roi_0.tif,96,4CT_STRATEGA_20170511_LAI,8:50 AM,Colecchia S.A. - De Santis A.P.,41.461017,15.505510,>50 cm,69,Durum Wheat,Trigo duro,Blé dur,Frumento duro,Triticum durum Desf.,Pszenica durum,,,Sunny - no clouds,2.065,0.175,,,,,
89,POINT (543611.3858424184 4590011.56963984),2017-04-05,0.0331,0.0608,0.0723,0.2424,0.1169,0.1947,0.2252,0.2617,0.2168,0.1437,0,0,0,0,24,147,0,0,2017-05-18,-43 days,/work/CESBIO/projects/MAESTRIA/prosail_validation/validation_sites/T33TWF/SENTINEL2A_20170518-095716-529_L2A_T33TWF_D_V1-4_roi_0.tif,82,L_CREA-CI_20170405_LAI,12:20 PM,Colecchia S.A. - De Santis A.P.,41.460509,15.522207,30-50 cm,34,Durum Wheat,Trigo duro,Blé dur,Frumento duro,Triticum durum Desf.,Pszenica durum,,,Sunny - no clouds,1.637,0.179,,,,,
90,POINT (543529.0448602622 4590065.918566405),2017-04-05,0.0311,0.053,0.0616,0.2258,0.1011,0.1829,0.2165,0.2506,0.2018,0.1338,0,0,0,0,24,147,0,0,2017-05-18,-43 days,/work/CESBIO/projects/MAESTRIA/prosail_validation/validation_sites/T33TWF/SENTINEL2A_20170518-095716-529_L2A_T33TWF_D_V1-4_roi_0.tif,81,I_CREA-CI_20170405_LAI,12:11 PM,Colecchia S.A. - De Santis A.P.,41.461003,15.521225,30-50 cm,34,Durum Wheat,Trigo duro,Blé dur,Frumento duro,Triticum durum Desf.,Pszenica durum,,,Sunny - no clouds,1.477,0.220,,,,,
37,POINT (542333.9698992979 4590172.950325534),2017-05-11,0.0695,0.0897,0.1263,0.1894,0.1392,0.1548,0.1738,0.2037,0.2862,0.2017,0,0,0,0,21,140,0,0,2017-06-17,-37 days,/work/CESBIO/projects/MAESTRIA/prosail_validation/validation_sites/T33TWF/SENTINEL2A_20170617-095546-943_L2A_T33TWF_D_V1-4_roi_0.tif,100,8CT_STRATEGA_20170511_LAI,8:03 AM,Colecchia S.A. - De Santis A.P.,41.462031,15.506923,>50 cm,69,Durum Wheat,Trigo duro,Blé dur,Frumento duro,Triticum durum Desf.,Pszenica durum,,,Sunny - no clouds,2.021,0.192,,,,,
38,POINT (542263.0089551402 4590196.959973673),2017-05-11,0.0729,0.0943,0.1425,0.2213,0.1555,0.1818,0.2018,0.2428,0.3379,0.2191,0,0,0,0,21,140,0,0,2017-06-17,-37 days,/work/CESBIO/projects/MAESTRIA/prosail_validation/validation_sites/T33TWF/SENTINEL2A_20170617-095546-943_L2A_T33TWF_D_V1-4_roi_0.tif,95,3NT_STRATEGA_20170511_LAI,8:42 AM,Colecchia S.A. - De Santis A.P.,41.462251,15.506075,>50 cm,69,Durum Wheat,Trigo duro,Blé dur,Frumento duro,Triticum durum Desf.,Pszenica durum,,,Sunny - no clouds,2.018,0.122,,,,,
1,POINT (539938.0416965974 4578897.975827914),2017-05-30,0.0912,0.1311,0.1787,0.3255,0.2163,0.2763,0.3089,0.3502,0.3104,0.1926,0,0,0,0,23,139,1,254,2017-07-07,-38 days,/work/CESBIO/projects/MAESTRIA/prosail_validation/validation_sites/T33TWF/SENTINEL2A_20170707-095257-378_L2A_T33TWF_D_V1-7_roi_0.tif,113,Sg01_liv2_20170530_LAI,11:41 AM,Colecchia S.A. - De Santis A.P.,41.360597,15.477490,>50 cm,83,Durum Wheat,Trigo duro,Blé dur,Frumento duro,Triticum durum Desf.,Pszenica durum,,,Sunny - no clouds,2.186,0.211,,,,,
2,POINT (540589.9914084191 4579297.050422403),2017-05-30,0.1246,0.174,0.2427,0.3376,0.2635,0.2974,0.3217,0.3571,0.3899,0.2792,0,0,0,0,23,139,1,255,2017-07-07,-38 days,/work/CESBIO/projects/MAESTRIA/prosail_validation/validation_sites/T33TWF/SENTINEL2A_20170707-095257-378_L2A_T33TWF_D_V1-7_roi_0.tif,120,Sg08_liv2_20170530_LAI,10:05 AM,Colecchia S.A. - De Santis A.P.,41.364159,15.485311,>50 cm,83,Durum Wheat,Trigo duro,Blé dur,Frumento duro,Triticum durum Desf.,Pszenica durum,,,Sunny - no clouds,1.460,0.275,,,,,
44,POINT (541531.8999201241 4590288.311550373),2017-06-21,0.0313,0.0635,0.0384,0.4553,0.1035,0.3718,0.4562,0.4729,0.1676,0.0899,0,0,0,0,26,143,1,253,2017-07-27,-36 days,/work/CESBIO/projects/MAESTRIA/prosail_validation/validation_sites/T33TWF/SENTINEL2A_20170727-095429-569_L2A_T33TWF_D_V1-7_roi_0.tif,133,A_Pomodoro_20170621_LAI,8:52 AM,Colecchia S.A. - De Santis A.P.,41.463112,15.497327,30-50 cm,70,Tomato,,,Pomodoro,Solanum licopersicum L.,,180,302,Sunny - no clouds,1.336,0.56,,,,,
45,POINT (541531.8999201241 4590288.311550373),2017-06-15,0.0313,0.0635,0.0384,0.4553,0.1035,0.3718,0.4562,0.4729,0.1676,0.0899,0,0,0,0,26,143,1,253,2017-07-27,-42 days,/work/CESBIO/projects/MAESTRIA/prosail_validation/validation_sites/T33TWF/SENTINEL2A_20170727-095429-569_L2A_T33TWF_D_V1-7_roi_0.tif,130,A_Pomodoro_20170615_LAI,7:38 AM,Colecchia S.A. - De Santis A.P.,41.463112,15.497327,10-30 cm,61,Tomato,,,Pomodoro,Solanum licopersicum L.,,180,302,Sunny - no clouds,1.620,0.95,,,,,
43,POINT (541531.8999201241 4590288.311550373),2017-06-09,0.0624,0.0799,0.0946,0.1571,0.1093,0.1458,0.1579,0.1721,0.2212,0.1881,0,0,0,0,21,140,0,0,2017-06-17,-8 days,/work/CESBIO/projects/MAESTRIA/prosail_validation/validation_sites/T33TWF/SENTINEL2A_20170617-095546-943_L2A_T33TWF_D_V1-4_roi_0.tif,124,A_Pomodoro_20170609_LAI,9:01 AM,Colecchia S.A. - De Santis A.P.,41.463112,15.497327,10-30 cm,19,Tomato,,,Pomodoro,Solanum licopersicum L.,,180,302,Sunny - no clouds,0.351,0.12,,,,,
65,POINT (542986.0268876692 4589054.025947917),2017-05-17,0.1165,0.1589,0.2185,0.3237,0.2463,0.2867,0.3101,0.3481,0.3876,0.266,0,0,0,0,29,147,1,254,2017-08-11,-86 days,/work/CESBIO/projects/MAESTRIA/prosail_validation/validation_sites/T33TWF/SENTINEL2B_20170811-095512-478_L2A_T33TWF_D_V1-7_roi_0.tif,111,I_Foraggere_20170517_LAI,12:58 PM,Colecchia S.A. - De Santis A.P.,41.451918,15.514651,>50 cm,69,Durum Wheat,Trigo duro,Blé dur,Frumento duro,Triticum durum Desf.,Pszenica durum,,,Sunny - no clouds,0.710,0.416,,,,,
45,POINT (541531.8999201241 4590288.311550373),2017-06-15,0.0624,0.0799,0.0946,0.1571,0.1093,0.1458,0.1579,0.1721,0.2212,0.1881,0,0,0,0,21,140,0,0,2017-06-17,-2 days,/work/CESBIO/projects/MAESTRIA/prosail_validation/validation_sites/T33TWF/SENTINEL2A_20170617-095546-943_L2A_T33TWF_D_V1-4_roi_0.tif,130,A_Pomodoro_20170615_LAI,7:38 AM,Colecchia S.A. - De Santis A.P.,41.463112,15.497327,10-30 cm,61,Tomato,,,Pomodoro,Solanum licopersicum L.,,180,302,Sunny - no clouds,1.620,0.95,,,,,
46,POINT (541531.8999201241 4590288.311550373),2017-06-12,0.0624,0.0799,0.0946,0.1571,0.1093,0.1458,0.1579,0.1721,0.2212,0.1881,0,0,0,0,21,140,0,0,2017-06-17,-5 days,/work/CESBIO/projects/MAESTRIA/prosail_validation/validation_sites/T33TWF/SENTINEL2A_20170617-095546-943_L2A_T33TWF_D_V1-4_roi_0.tif,127,A_Pomodoro_20170612_LAI,2:42 PM,Colecchia S.A. - De Santis A.P.,41.463112,15.497327,10-30 cm,19,Tomato,,,Pomodoro,Solanum licopersicum L.,,180,302,Sunny - no clouds,0.425,0.24,,,,,
47,POINT (541279.8506264635 4590289.420813426),2017-04-05,0.0845,0.1044,0.1251,0.1884,0.1385,0.1737,0.1886,0.2062,0.2525,0.2151,0,0,0,0,21,140,0,0,2017-06-17,-73 days,/work/CESBIO/projects/MAESTRIA/prosail_validation/validation_sites/T33TWF/SENTINEL2A_20170617-095546-943_L2A_T33TWF_D_V1-4_roi_0.tif,76,D_CREA-CI_20170405_LAI,10:44 AM,Colecchia S.A. - De Santis A.P.,41.463135,15.494309,30-50 cm,,Vetch,Arveja,Vesce,Veccia,Vicia L.,Wyka,,,Sunny - no clouds,7.670,0.786,,,,,
10,POINT (540385.9862754412 4579959.037017105),2017-05-30,0.1142,0.1596,0.2214,0.3331,0.2598,0.3015,0.3284,0.3684,0.3823,0.2575,0,0,0,0,23,139,1,254,2017-07-07,-38 days,/work/CESBIO/projects/MAESTRIA/prosail_validation/validation_sites/T33TWF/SENTINEL2A_20170707-095257-378_L2A_T33TWF_D_V1-7_roi_0.tif,115,Sg03_liv2_20170530_LAI,10:21 AM,Colecchia S.A. - De Santis A.P.,41.370132,15.482916,>50 cm,83,Durum Wheat,Trigo duro,Blé dur,Frumento duro,Triticum durum Desf.,Pszenica durum,,,Sunny - no clouds,1.888,0.347,,,,,
2,POINT (540589.9914084191 4579297.050422403),2017-05-30,0.1234,0.1627,0.2384,0.337,0.2539,0.2891,0.3132,0.3527,0.3802,0.2747,0,0,0,0,23,140,1,254,2017-07-12,-43 days,/work/CESBIO/projects/MAESTRIA/prosail_validation/validation_sites/T33TWF/SENTINEL2B_20170712-095623-024_L2A_T33TWF_D_V1-7_roi_0.tif,120,Sg08_liv2_20170530_LAI,10:05 AM,Colecchia S.A. - De Santis A.P.,41.364159,15.485311,>50 cm,83,Durum Wheat,Trigo duro,Blé dur,Frumento duro,Triticum durum Desf.,Pszenica durum,,,Sunny - no clouds,1.460,0.275,,,,,
50,POINT (542377.9594574135 4590304.992224817),2017-05-11,0.0744,0.0981,0.1486,0.2168,0.1598,0.1844,0.2026,0.2462,0.3401,0.2234,0,0,0,0,21,140,0,0,2017-06-17,-37 days,/work/CESBIO/projects/MAESTRIA/prosail_validation/validation_sites/T33TWF/SENTINEL2A_20170617-095546-943_L2A_T33TWF_D_V1-4_roi_0.tif,101,9NT_STRATEGA_20170511_LAI,8:11 AM,Colecchia S.A. - De Santis A.P.,41.463218,15.507459,>50 cm,69,Durum Wheat,Trigo duro,Blé dur,Frumento duro,Triticum durum Desf.,Pszenica durum,,,Sunny - no clouds,1.985,0.131,,,,,
51,POINT (542305.0288903399 4590309.005795515),2017-05-11,0.0629,0.08,0.1175,0.1806,0.1277,0.1522,0.1644,0.1956,0.2791,0.1914,0,0,0,0,21,140,0,0,2017-06-17,-37 days,/work/CESBIO/projects/MAESTRIA/prosail_validation/validation_sites/T33TWF/SENTINEL2A_20170617-095546-943_L2A_T33TWF_D_V1-4_roi_0.tif,94,2CT_STRATEGA_20170511_LAI,8:35 AM,Colecchia S.A. - De Santis A.P.,41.463258,15.506586,>50 cm,69,Durum Wheat,Trigo duro,Blé dur,Frumento duro,Triticum durum Desf.,Pszenica durum,,,Sunny - no clouds,1.829,0.130,,,,,
14,POINT (540669.0163237044 4580552.026503084),2017-05-30,0.1338,0.1892,0.2791,0.3792,0.3038,0.334,0.3597,0.411,0.4175,0.2773,0,0,0,0,23,139,1,254,2017-07-07,-38 days,/work/CESBIO/projects/MAESTRIA/prosail_validation/validation_sites/T33TWF/SENTINEL2A_20170707-095257-378_L2A_T33TWF_D_V1-7_roi_0.tif,116,Sg04_liv2_20170530_LAI,10:38 AM,Colecchia S.A. - De Santis A.P.,41.375459,15.486340,>50 cm,83,Durum Wheat,Trigo duro,Blé dur,Frumento duro,Triticum durum Desf.,Pszenica durum,,,Sunny - no clouds,1.500,0.258,,,,,
53,POINT (542359.9657650598 4590453.990368482),2017-05-11,0.0713,0.0966,0.1409,0.2148,0.1584,0.1797,0.2007,0.2394,0.3358,0.2215,0,0,0,0,21,140,0,0,2017-06-17,-37 days,/work/CESBIO/projects/MAESTRIA/prosail_validation/validation_sites/T33TWF/SENTINEL2A_20170617-095546-943_L2A_T33TWF_D_V1-4_roi_0.tif,93,1NT_STRATEGA_20170511_LAI,8:28 AM,Colecchia S.A. - De Santis A.P.,41.464561,15.507254,>50 cm,69,Durum Wheat,Trigo duro,Blé dur,Frumento duro,Triticum durum Desf.,Pszenica durum,,,Sunny - no clouds,2.057,0.179,,,,,
16,POINT (541803.0055632177 4580852.017319403),2017-05-30,0.1245,0.1704,0.2389,0.3198,0.2637,0.2898,0.3131,0.3475,0.3948,0.2916,0,0,0,0,23,139,1,256,2017-07-07,-38 days,/work/CESBIO/projects/MAESTRIA/prosail_validation/validation_sites/T33TWF/SENTINEL2A_20170707-095257-378_L2A_T33TWF_D_V1-7_roi_0.tif,123,SgMS_liv2_20170530_LAI,8:26 AM,Colecchia S.A. - De Santis A.P.,41.378103,15.499921,>50 cm,83,Durum Wheat,Trigo duro,Blé dur,Frumento duro,Triticum durum Desf.,Pszenica durum,,,Sunny - no clouds,2.388,1.080,,,,,
56,POINT (541995.7177933671 4598709.901919121),2017-03-21,0.0202,0.0329,0.0123,0.3981,0.0541,0.2767,0.3942,0.4203,0.1286,0.0578,0,0,0,0,33,153,0,0,2017-04-18,-28 days,/work/CESBIO/projects/MAESTRIA/prosail_validation/validation_sites/T33TWF/SENTINEL2A_20170418-095718-138_L2A_T33TWF_D_V1-4_roi_0.tif,20,AA.S_Capitanata.08_2017_LAI,12:37 PM,Riefolo C. - Ruggieri S.,41.538942,15.503468,30-50 cm,19,Spinach,,,Spinacio,Spinacia oleracea L.,,,,Sunny - no clouds,6.675,0.345,,,,,
57,POINT (541997.9295486691 4598802.731053609),2017-03-21,0.0188,0.0287,0.0077,0.4616,0.0466,0.3054,0.4666,0.4954,0.1291,0.0539,0,0,0,0,33,153,0,0,2017-04-18,-28 days,/work/CESBIO/projects/MAESTRIA/prosail_validation/validation_sites/T33TWF/SENTINEL2A_20170418-095718-138_L2A_T33TWF_D_V1-4_roi_0.tif,19,AA.S_Capitanata.07_2017_LAI,12:27 PM,Riefolo C. - Ruggieri S.,41.539778,15.503501,30-50 cm,35,Durum Wheat,Trigo duro,Blé dur,Frumento duro,Triticum durum Desf.,Pszenica durum,,,Sunny - no clouds,1.295,0.389,,,,,
10,POINT (540385.9862754412 4579959.037017105),2017-05-30,0.1132,0.1551,0.2177,0.3298,0.2481,0.2924,0.3154,0.356,0.378,0.2569,0,0,0,0,23,140,1,253,2017-07-12,-43 days,/work/CESBIO/projects/MAESTRIA/prosail_validation/validation_sites/T33TWF/SENTINEL2B_20170712-095623-024_L2A_T33TWF_D_V1-7_roi_0.tif,115,Sg03_liv2_20170530_LAI,10:21 AM,Colecchia S.A. - De Santis A.P.,41.370132,15.482916,>50 cm,83,Durum Wheat,Trigo duro,Blé dur,Frumento duro,Triticum durum Desf.,Pszenica durum,,,Sunny - no clouds,1.888,0.347,,,,,
79,POINT (543066.8277838087 4589399.565623091),2017-06-12,0.0435,0.0776,0.0539,0.4511,0.1238,0.3629,0.4404,0.4758,0.1591,0.0774,0,0,0,0,29,147,1,254,2017-08-11,-60 days,/work/CESBIO/projects/MAESTRIA/prosail_validation/validation_sites/T33TWF/SENTINEL2B_20170811-095512-478_L2A_T33TWF_D_V1-7_roi_0.tif,129,C_Pomodoro_20170612_LAI,12:08 PM,Colecchia S.A. - De Santis A.P.,41.455026,15.515643,10-30 cm,19,Tomato,,,Pomodoro,Solanum licopersicum L.,,160,330,Sunny - no clouds,0.347,0.33,,,,,
59,POINT (542476.9692240325 4588946.988633815),2017-05-17,0.0918,0.1318,0.2131,0.3138,0.2417,0.2701,0.3016,0.3518,0.4261,0.279,0,0,0,0,21,140,0,0,2017-06-17,-31 days,/work/CESBIO/projects/MAESTRIA/prosail_validation/validation_sites/T33TWF/SENTINEL2A_20170617-095546-943_L2A_T33TWF_D_V1-4_roi_0.tif,108,F_Foraggere_20170517_LAI,11:49 AM,Colecchia S.A. - De Santis A.P.,41.450981,15.508549,>50 cm,69,Durum Wheat,Trigo duro,Blé dur,Frumento duro,Triticum durum Desf.,Pszenica durum,,,Sunny - no clouds,2.646,0.630,,,,,
22,POINT (541994.9901280974 4580882.991854105),2017-05-30,0.1259,0.1768,0.2528,0.3479,0.2724,0.3039,0.3291,0.3679,0.4176,0.2981,0,0,0,0,23,139,1,256,2017-07-07,-38 days,/work/CESBIO/projects/MAESTRIA/prosail_validation/validation_sites/T33TWF/SENTINEL2A_20170707-095257-378_L2A_T33TWF_D_V1-7_roi_0.tif,119,Sg07_liv2_20170530_LAI,8:35 AM,Colecchia S.A. - De Santis A.P.,41.378372,15.502219,>50 cm,83,Durum Wheat,Trigo duro,Blé dur,Frumento duro,Triticum durum Desf.,Pszenica durum,,,Sunny - no clouds,3.613,0.662,,,,,
14,POINT (540669.0163237044 4580552.026503084),2017-05-30,0.0641,0.0782,0.1028,0.1326,0.1047,0.1172,0.1249,0.1398,0.1981,0.1896,0,0,0,0,23,140,1,253,2017-07-12,-43 days,/work/CESBIO/projects/MAESTRIA/prosail_validation/validation_sites/T33TWF/SENTINEL2B_20170712-095623-024_L2A_T33TWF_D_V1-7_roi_0.tif,116,Sg04_liv2_20170530_LAI,10:38 AM,Colecchia S.A. - De Santis A.P.,41.375459,15.486340,>50 cm,83,Durum Wheat,Trigo duro,Blé dur,Frumento duro,Triticum durum Desf.,Pszenica durum,,,Sunny - no clouds,1.500,0.258,,,,,
0,POINT (539938.0416965974 4578897.975827914),2017-03-16,0.0385,0.0588,0.0544,0.262,0.0906,0.2249,0.2656,0.2821,0.1705,0.1028,0,0,0,0,36,154,0,0,2017-04-08,-23 days,/work/CESBIO/projects/MAESTRIA/prosail_validation/validation_sites/T33TWF/SENTINEL2A_20170408-095711-526_L2A_T33TWF_D_V1-4_roi_0.tif,1,Sg01_liv2_20170316_LAI,12:11 PM,Colecchia S.A. - De Santis A.P.,41.360597,15.477490,10-30 cm,23,Durum Wheat,Trigo duro,Blé dur,Frumento duro,Triticum durum Desf.,Pszenica durum,,,Sunny - no clouds,0.630,0.336,,,,,
16,POINT (541803.0055632177 4580852.017319403),2017-05-30,0.1226,0.1646,0.2354,0.3127,0.2573,0.2835,0.3031,0.3407,0.39,0.2896,0,0,0,0,23,140,1,255,2017-07-12,-43 days,/work/CESBIO/projects/MAESTRIA/prosail_validation/validation_sites/T33TWF/SENTINEL2B_20170712-095623-024_L2A_T33TWF_D_V1-7_roi_0.tif,123,SgMS_liv2_20170530_LAI,8:26 AM,Colecchia S.A. - De Santis A.P.,41.378103,15.499921,>50 cm,83,Durum Wheat,Trigo duro,Blé dur,Frumento duro,Triticum durum Desf.,Pszenica durum,,,Sunny - no clouds,2.388,1.080,,,,,
1,POINT (539938.0416965974 4578897.975827914),2017-05-30,0.0409,0.0804,0.1243,0.2961,0.1625,0.2407,0.2772,0.333,0.2642,0.1617,0,0,0,0,22,142,0,0,2017-06-07,-8 days,/work/CESBIO/projects/MAESTRIA/prosail_validation/validation_sites/T33TWF/SENTINEL2A_20170607-095031-460_L2A_T33TWF_D_V1-4_roi_0.tif,113,Sg01_liv2_20170530_LAI,11:41 AM,Colecchia S.A. - De Santis A.P.,41.360597,15.477490,>50 cm,83,Durum Wheat,Trigo duro,Blé dur,Frumento duro,Triticum durum Desf.,Pszenica durum,,,Sunny - no clouds,2.186,0.211,,,,,
3,POINT (540589.9914084191 4579297.050422403),2017-03-16,0.0412,0.0706,0.0696,0.2431,0.1187,0.2136,0.2409,0.266,0.2147,0.143,0,0,0,0,36,154,0,0,2017-04-08,-23 days,/work/CESBIO/projects/MAESTRIA/prosail_validation/validation_sites/T33TWF/SENTINEL2A_20170408-095711-526_L2A_T33TWF_D_V1-4_roi_0.tif,8,Sg08_liv2_20170316_LAI,12:45 PM,Colecchia S.A. - De Santis A.P.,41.364159,15.485311,10-30 cm,23,Durum Wheat,Trigo duro,Blé dur,Frumento duro,Triticum durum Desf.,Pszenica durum,,,Sunny - no clouds,0.550,0.412,,,,,
4,POINT (540029.9819769766 4579471.014889604),2017-03-16,0.0467,0.0696,0.0726,0.2708,0.1089,0.2286,0.2668,0.2814,0.2068,0.1333,0,0,0,0,36,154,0,0,2017-04-08,-23 days,/work/CESBIO/projects/MAESTRIA/prosail_validation/validation_sites/T33TWF/SENTINEL2A_20170408-095711-526_L2A_T33TWF_D_V1-4_roi_0.tif,2,Sg02_liv2_20170316_LAI,12:24 PM,Colecchia S.A. - De Santis A.P.,41.365754,15.478627,10-30 cm,23,Durum Wheat,Trigo duro,Blé dur,Frumento duro,Triticum durum Desf.,Pszenica durum,,,Sunny - no clouds,0.500,0.079,,,,,
67,POINT (542437.9981112008 4589082.98447864),2017-05-17,0.0499,0.0698,0.1132,0.1808,0.1287,0.1483,0.1694,0.2076,0.2586,0.1585,0,0,0,0,21,140,0,0,2017-06-17,-31 days,/work/CESBIO/projects/MAESTRIA/prosail_validation/validation_sites/T33TWF/SENTINEL2A_20170617-095546-943_L2A_T33TWF_D_V1-4_roi_0.tif,109,G_Foraggere_20170517_LAI,12:07 PM,Colecchia S.A. - De Santis A.P.,41.452208,15.508092,>50 cm,69,Durum Wheat,Trigo duro,Blé dur,Frumento duro,Triticum durum Desf.,Pszenica durum,,,Sunny - no clouds,2.900,0.414,,,,,
6,POINT (541059.0038179475 4579703.028974385),2017-03-16,0.0388,0.0651,0.0611,0.2654,0.1105,0.222,0.2554,0.2862,0.2211,0.1161,0,0,0,0,36,154,0,0,2017-04-08,-23 days,/work/CESBIO/projects/MAESTRIA/prosail_validation/validation_sites/T33TWF/SENTINEL2A_20170408-095711-526_L2A_T33TWF_D_V1-4_roi_0.tif,9,Sg09_liv2_20170316_LAI,2:06 PM,Colecchia S.A. - De Santis A.P.,41.367792,15.490946,,,Uncultivated,No cultivado,Inculte,Incolto,,Nieuprawny,,,Sunny - no clouds,2.363,1.172,,,,,Pasture area
69,POINT (542527.9593437539 4589181.990246725),2017-05-17,0.0836,0.1218,0.1941,0.3026,0.2112,0.2421,0.2684,0.3261,0.3528,0.2106,0,0,0,0,21,140,0,0,2017-06-17,-31 days,/work/CESBIO/projects/MAESTRIA/prosail_validation/validation_sites/T33TWF/SENTINEL2A_20170617-095546-943_L2A_T33TWF_D_V1-4_roi_0.tif,107,E_Foraggere_20170517_LAI,10:55 AM,Colecchia S.A. - De Santis A.P.,41.453095,15.509176,>50 cm,69,Durum Wheat,Trigo duro,Blé dur,Frumento duro,Triticum durum Desf.,Pszenica durum,,,Sunny - no clouds,4.606,0.585,,,,,
8,POINT (541439.9653062258 4579848.96829082),2017-03-16,0.0383,0.0639,0.0607,0.2647,0.1051,0.2201,0.2548,0.2751,0.1897,0.1218,0,0,0,0,36,154,0,0,2017-04-08,-23 days,/work/CESBIO/projects/MAESTRIA/prosail_validation/validation_sites/T33TWF/SENTINEL2A_20170408-095711-526_L2A_T33TWF_D_V1-4_roi_0.tif,10,Sg10_liv2_20170316_LAI,3:29 PM,Colecchia S.A. - De Santis A.P.,41.369087,15.495511,10-30 cm,23,Durum Wheat,Trigo duro,Blé dur,Frumento duro,Triticum durum Desf.,Pszenica durum,,,Sunny - no clouds,0.430,0.410,,,,,
9,POINT (540385.9862754412 4579959.037017105),2017-03-16,0.0601,0.086,0.0912,0.2673,0.1308,0.2353,0.2674,0.2834,0.2299,0.1605,0,0,0,0,36,154,0,0,2017-04-08,-23 days,/work/CESBIO/projects/MAESTRIA/prosail_validation/validation_sites/T33TWF/SENTINEL2A_20170408-095711-526_L2A_T33TWF_D_V1-4_roi_0.tif,3,Sg03_liv2_20170316_LAI,1:40 PM,Colecchia S.A. - De Santis A.P.,41.370132,15.482916,10-30 cm,23,Durum Wheat,Trigo duro,Blé dur,Frumento duro,Triticum durum Desf.,Pszenica durum,,,Sunny - no clouds,0.650,0.042,,,,,
72,POINT (542752.3937718363 4589309.213884276),2017-06-12,0.0375,0.0643,0.0483,0.3631,0.0999,0.3115,0.3663,0.3811,0.1995,0.1182,0,0,0,0,21,140,0,0,2017-06-17,-5 days,/work/CESBIO/projects/MAESTRIA/prosail_validation/validation_sites/T33TWF/SENTINEL2A_20170617-095546-943_L2A_T33TWF_D_V1-4_roi_0.tif,128,B_Pomodoro_20170612_LAI,11:10 AM,Colecchia S.A. - De Santis A.P.,41.454229,15.511872,10-30 cm,19,Tomato,,,Pomodoro,Solanum licopersicum L.,,160,331,Sunny - no clouds,1.927,0.75,,,,,
